program,genes,size,active_in,name,description
P1,"9530020I12Rik, Tbx6, Fgf17, Hoxa9, Hoxc9, Hoxaas3, Hoxb9, Cdx2, Hes7, Hoxc8, T, Gpr15lg, Hoxc6, Evx1, Hoxa7, Evx1os, Gm45889, Epha5, Dll3, Hoxb8, Cpa6, Hoxd1, Cyp26a1, Fgf8, Naaa, Rspo3, Wnt3a, Gad1, Hoxb1, Gm53, Lmo2, Kif26b, Arl4d, Peli3, Sp5, Gm32342, Tcea3, Fzd10, Efna1, Etv4, Rftn1, Wnt5a, Limch1, Sall3, Sall1, Greb1, Lef1, Arhgap24, Greb1l, Rhpn2, Mllt3, Dusp4, Sall4, Arid3b, Ptk7, Laptm4b",56,"Axial progenitor, Presomitic mesoderm, Spinal cord (sacral)",Posterior axial elongation,"Drives posterior body axis extension via the Cdx2–Wnt3a–T (Brachyury) positive feedback loop, with FGF (Fgf8/17) and Wnt signaling maintaining axial progenitors in the tailbud while Notch oscillation components (Hes7, Dll3) and Tbx6 direct presomitic mesoderm segmentation. A dense posterior Hox code (paralog groups 6–9) and Cyp26a1-mediated retinoic acid clearance establish sacral-level positional identity and protect the progenitor zone from premature differentiation."
P2,"Hoxa5, Hoxd4, Hoxc5, Hoxb3, Hoxb6, Hoxb4, Hoxa4, Hoxb7, Hoxb5, Hoxa2, ENSMUSG00000139924, Fndc5, Hoxd3, Gm10830, Hoxb2, Hotairm1, ENSMUSG00000142394, Tshz1, Hoxa3, Meis1, ENSMUSG00000138963, Skap2, Ncam1, Tshz3, Gm15050, Meis2",26,"Nascent somite, Somatic motor neuron, Spinal cord (cervical), Spinal cord (lumbar), Spinal cord (thoracic), Spinal cord interneuron",Trunk hox ap patterning,"Encodes a Hox-based anterior-posterior positional identity program spanning paralog groups 2–7, corresponding to cervical-through-thoracic axial levels. The coordinated expression of Hoxa/b/c/d cluster genes together with TALE-class cofactors Meis1/2 and trunk transcription factors Tshz1/3 establishes regional identity in the spinal cord and nascent somites, specifying distinct motor neuron and interneuron subtypes along the rostrocaudal axis."
P3,"Hoxd11, Hoxc10, Hoxc11, Hoxa11os, Hoxa10, Hoxd10, Gm28309, Hoxd13, Hoxa11, Hoxd9, Hoxd8, Hoxd3os1, 2600014E21Rik, ENSMUSG00000129411, Ets2, Aopep",16,"Axial progenitor, Hindlimb field, Presomitic mesoderm, Spinal cord (sacral)",Posterior hox patterning,"Encodes a posterior Hox transcriptional program dominated by paralog groups 9–13 from the HoxA, HoxC, and HoxD clusters, establishing sacral-caudal positional identity along the anterior-posterior axis. Active in axial progenitors, presomitic mesoderm, sacral spinal cord, and the hindlimb field, consistent with the known role of posterior Hox genes in specifying trunk-to-tail fate and proximal-distal limb patterning."
P4,"Col13a1, Adam19, Prickle1, Dact1, Mcc, Mogat2, Nid2",7,"Allantois, Axial progenitor, Dermomyotome, Extraembryonic mesoderm, Lateral plate mesoderm, Nascent mesoderm, Nascent somite, Notochord, Parietal endoderm, Presomitic mesoderm, Primitive streak",Mesoderm pcp/ecm remodeling,"Planar cell polarity and extracellular matrix remodeling program active across mesodermal lineages during gastrulation and axis elongation. Core PCP/non-canonical Wnt components (Prickle1, Dact1, Mcc) drive convergent extension movements critical for primitive streak elongation, mesoderm migration, and somitogenesis, while ECM genes (Col13a1, Nid2) and the metalloprotease Adam19 facilitate the tissue remodeling and basement membrane reorganization that accompany these morphogenetic processes."
P5,"Cdx1, Nkx1-2, Sema3e, Hoxa1, Gbx2, Lhpp",6,"Primitive streak, Spinal cord",Caudal axial patterning,"Defines a posterior axial progenitor program active in neuromesodermal progenitors of the primitive streak and their spinal cord derivatives. Cdx1, Nkx1-2, and Hoxa1 are core transcription factors that drive caudal identity and body axis elongation, while Gbx2 contributes to posterior neural patterning. This program coordinates the transition from axial progenitors to spinal cord fate during trunk extension."
P6,"Gm14226, Osr1, Rnf213, Cacna2d1, Epb41l3, Pdzrn3",6,"Enteroendocrine progenitor, Intermediate mesoderm, Mesothelium, Myotome, Nascent somite, Presomitic mesoderm",Osr1+ mesoderm identity,"An Osr1-driven mesodermal identity program active across paraxial (presomitic mesoderm, somite, myotome) and lateral plate (intermediate mesoderm, mesothelium) derivatives. Osr1 is a key zinc-finger transcription factor specifying intermediate mesoderm and mesothelial fate, while Pdzrn3 modulates non-canonical Wnt signaling during mesenchymal differentiation and Epb41l3 contributes to cytoskeletal organization underlying mesodermal cell morphogenesis. Together, these genes define a shared regulatory state across diversifying mesodermal lineages during trunk elongation."
P7,"Rarg, Lypd6, Itgb5, Arhgap10, Zfp36l2",5,"Allantois, Axial progenitor, Epiblast, Epidermal progenitor, Extraembryonic ectoderm, Extraembryonic mesoderm, Forelimb field, Frontonasal mesenchyme, Hindlimb field, Nascent mesoderm, Presomitic mesoderm, Rostral ectoderm, Spinal cord (sacral), Surface ectoderm, Trigeminal placode",Ra progenitor maintenance,"A broadly active program linking retinoic acid responsiveness (Rarg) and Wnt modulation (Lypd6) with progenitor state maintenance via post-transcriptional mRNA decay (Zfp36l2). Active across diverse progenitor and early-specified cell types spanning ectoderm, mesoderm, and extraembryonic compartments, it likely sustains multipotent or transitional states through coordinated signaling receptivity, integrin-mediated adhesion (Itgb5), and cytoskeletal remodeling (Arhgap10)."
P8,"Gzmk, ENSMUSG00000143355, Fgf9, Smoc1, Vwa2",5,"Nascent somite, Presomitic mesoderm",Psm fgf9-ecm signaling,"FGF and extracellular matrix program active during somitogenesis. Fgf9 is a key FGF ligand that maintains the presomitic mesoderm in an undifferentiated state as part of the posterior-to-anterior FGF signaling gradient, while Smoc1 and Vwa2 encode ECM-associated proteins involved in matrix remodeling during somite boundary formation and epithelialization. This program likely coordinates FGF-dependent PSM maintenance with ECM dynamics at the transition from presomitic mesoderm to nascent somite."
P9,"Mir9-2hg, Gm56811, Mir124-2hg, Scube2, Pax6, Rfx4, Sox2ot, Pou3f3, Gm30340, Gm32061, Ptprn2, Nlgn1, Fabp7, Adgrv1, Hes3, Sox21, Sox2, Nrcam, Fgf14, Gm54109, Foxb1, Zfp536, Hes5, Sox1, Dcc, Fgfbp3, Nell2, Fez1, Ildr2, Srgap3, Sema5b, Fam181b, Fam181a, Ptprz1, Apba2, Tox2, Rprm, Celsr2, Gbx1, Sp8, Itgb8, Tox, Lrrn1, Pantr1, Pdzph1, Fmn2, Npas3, B230323A14Rik, Kif21a, Slc35f1, Frmd5, Adgrb3, Eml5, Fat3, ENSMUSG00000123858, Nsg2, Adgrg1, Dtx4, Tox3, Jam2, Hspa4l, Nedd9, Wscd1, Plch1, Cacng4, Fut9, Rims2, Sfrp2, Mycl, Zbtb16, Fgfr3, Ajap1, Celsr1, Dpysl5, 1500004A13Rik, Plxnc1, Fhod3, Nes, Epb41l4a, Gldc, Cntfr, Tubb2b, Dock3, Uchl1, Ctnnd2, Jakmip2, Nova1, Phf21b, Cdh4, Sox1ot, Gm42695, Csrnp3, Fam171b, Slain1, Nav2, Emid1, Map1b, Celf2, Cenpv, Zswim5, Phyhipl, Cxcr4, Kif1a, Slco5a1, Scg5, Ppm1e, Spata13, Ptpro, Nuak2, Adgrb1, Sox21os1, Astn1, Septin3, Wnk2, Cdh2, Ddr1, Trim2, Otud7a, 2610307P16Rik, Ccdc88c, Rgma, Nrxn2, Ark2c, Chd3, Zeb2, Pard3b, Npdc1, Rb1, Unc13b, Mapk4, Cadm4, Peg12, Tafa5, Msi1, Eml1, Atp8a1, Tspan13, Ppm1l, Zfp811, Fgd4, Ago1, Mtcl1, Elovl2, Tbc1d9, Acot7, Pak1, Mkrn1, Kif5c, Zc3h12c, Arnt2, Tspan5, Zfp41, Prom1, Wasf3, Fsd1l",155,"Cranial motor neuron, Diencephalon, Floor plate, Hindbrain (isthmic organizer), Hindbrain (r1), Hindbrain (r2-r4), Hindbrain (r5-r8), Hypothalamic neuron, Hypothalamus, Midbrain, Midbrain neuron, Somatic motor neuron, Spinal cord (cervical), Spinal cord (thoracic), Spinal cord interneuron, Telencephalon",Cns neural progenitor,"Defines neural progenitor and radial glial identity across the entire central nervous system. Core markers include Sox1/2, Hes3/5, Nes, Fabp7, Msi1, Pax6, and Prom1, along with Notch pathway effectors that maintain the progenitor state. Accompanying axon guidance genes (Dcc, Sema5b, Rgma), neuronal cadherins (Cdh2/4, Nrcam), and cytoskeletal regulators (Map1b, Tubb2b, Kif5c) reflect the transition from progenitor to early neuron across spinal cord, hindbrain, midbrain, and forebrain regions."
P10,"Glra1, Prdm8, Rhbdl3, Neurog2, Elavl3, Nckap5, Miat, Srrm4, Prmt8, Neurod4, St18, Nhlh2, D930028M14Rik, Clvs1, Myt1, Tubb3, Elavl4, Scg3, Neurog1, Gm16551, Gm26871, Myo16, Stmn3, Brsk2, Nhlh1, Trp53i11, Srrm3, Celf3, Btbd17, Nfasc, Pou2f2, Slc1a2, Rbfox3, Map2, Nova2, Gm12239, Plk3, Stmn4, Onecut2, Onecut1, Dpysl4, Mfng, Prox1, Zbtb18, Mtcl3, Syt2, Tagln3, Chrna4, Elavl2, Rtn1, Snap25, Cadps, Add2, Olfm2, Unc79, Frmd4b, Gdap1, Smpd3",58,"Cranial motor neuron, Dorsal root ganglion neuron, Hypothalamic neuron, Midbrain neuron, Olfactory sensory neuron, Somatic motor neuron, Spinal cord interneuron, Trigeminal ganglion neuron",Neuronal differentiation,"Core pan-neuronal differentiation program encompassing proneural transcription factors (Neurog1/2, Neurod4, Nhlh1/2, Myt1), neuronal RNA-binding and splicing regulators (Elavl2/3/4, Rbfox3, Nova2, Srrm3/4), cytoskeletal markers of post-mitotic neurons (Tubb3, Map2), and synaptic machinery (Snap25, Syt2, Cadps). Active broadly across central and peripheral neuronal subtypes, this program drives the transition from neural progenitor to mature neuron, establishing neuronal identity, polarity, and synaptic competence."
P11,"Tlx2, Neurod1, Thsd7b, Ntrk1, Kcnmb2, Pou4f1, Cerkl, Tlx3, Ppp1r17, Kif19a, Coro2a, Insm1, Tmem178b, Sncb, Inka2, Nefl, Npr2, Wscd2, Kcnh1, Mreg, Ttll7",21,"Dorsal root ganglion neuron, Dorsal root ganglion progenitor, Epibranchial sensory neuron, Otic sensory neuron, Trigeminal ganglion neuron, Trigeminal sensory neuron",Sensory neuron identity,"Drives differentiation and maturation of peripheral sensory neurons across cranial and spinal ganglia. Core transcription factors Pou4f1 (Brn3a), Neurod1, Tlx3, and Insm1 establish sensory neuron fate, while Ntrk1 (TrkA) and Npr2 mediate neurotrophin signaling and axon guidance, and Nefl and Sncb reflect neuronal maturation. This program is shared across neural crest- and placode-derived sensory lineages including DRG, trigeminal, epibranchial, and otic neurons."
P12,"Otx2, Otx2os1, Otx1, Tal2, Cdh8, Erbb4, Pou3f1, Lrrc4c, Dmbx1, Cdh20, Mylk, Lmo3, Nalcn, Sorbs2, Dok6, 2510009E07Rik, Sall2, Dhx32",18,"Diencephalon, Hypothalamus, Midbrain, Midbrain neuron, Telencephalon",Otx1/2 anterior brain id,"Defines anterior brain (forebrain–midbrain) identity through the master regulators Otx1 and Otx2, which specify rostral neuroectoderm and maintain the forebrain/midbrain territory against caudal fates. Supporting transcription factors (Dmbx1, Tal2, Pou3f1, Lmo3, Sall2) and region-specific cadherins (Cdh8, Cdh20) reinforce regional patterning and early neuronal differentiation across the diencephalon, hypothalamus, midbrain, and telencephalon."
P13,"Foxg1, Six3os1, Nr2e1, Six6, Lhx2, Six3, Rax, 3110039M20Rik, Fezf1, Gm56925, Fzd5, C130093G08Rik, Shtn1, Shisa2, Gm26709, Mpped1, Cadps2",17,"Eye field, Hypothalamus, Olfactory placode, Olfactory sensory neuron, Telencephalon",Rostral forebrain/eye field,"Defines anterior forebrain and eye field identity through the core eye field transcription factor network (Six3, Six6, Rax, Lhx2) together with the telencephalic determinant Foxg1 and forebrain regulators Nr2e1 and Fezf1. This program specifies the rostral-most neural plate derivatives—eye field, hypothalamus, telencephalon, and olfactory placode—reflecting their shared origin from the anterior neural plate and common dependence on this TF regulatory module during E7.5–E10 patterning."
P14,"Gm29478, Zic1, Zic4, Wnt1, Cp, Nrg3, Zic5, ENSMUSG00000143513, Gm29266, Zic2, Gm5089, Galnt12, Gm56769, Gm57142, Clybl",15,"Diencephalon, Roof plate",Roof plate zic/wnt1,"Dorsal midline neural tube program dominated by four Zic family transcription factors (Zic1/2/4/5) and the roof plate morphogen Wnt1. Active in the diencephalon and roof plate, this program specifies dorsal neural tube identity and maintains roof plate signaling, which patterns adjacent neural progenitors along the dorsoventral axis."
P15,"Wnt8b, Fezf2, Emx2, Gm3764, Lhx5, Dmrta2, Dmrt3, Wnt7b, Emx1, Cntnap2, Emx2os, Mir9-3hg, Dmrta1, E330013P04Rik",14,Telencephalon,Dorsomedial telencephalon,"Specifies dorsomedial telencephalic identity, encompassing the cortical hem and dorsal pallium. Emx1/Emx2 and Dmrta1/Dmrta2/Dmrt3 establish dorsal pallial fate, Fezf2 contributes to cortical neuron specification, and Wnt8b/Wnt7b provide cortical hem-derived Wnt signals that pattern the medial telencephalon. Together these genes define the dorsomedial signaling and transcriptional program that drives early cortical regionalization."
P16,"En2, Pax5, Cnpy1, En1, 2610027F03Rik, Pax8, Pax2, Pcp4l1, Gm26608, Cldn10, Flrt1, Klhl14",12,Hindbrain (isthmic organizer),Isthmic organizer,"Defines the midbrain-hindbrain boundary (isthmus) organizer identity through the core En1/En2 and Pax2/Pax5/Pax8 transcription factor network, with Cnpy1 supporting FGF signaling. This program establishes and maintains the signaling center that patterns the adjacent midbrain tectum and cerebellar anlage during neural tube regionalization."
P17,"Nkx2-9, Nkx6-1, Nkx6-2, Nkx2-2, Gm38103, Vit, Spon1, Clec2l, Rnf220, Kbtbd11, Tmtc2, Ptch1",12,"Cranial motor neuron, Floor plate",Ventral nt nkx/shh patterning,"Specifies ventral neural tube identity through a battery of Nkx-class homeodomain transcription factors (Nkx2-2, Nkx2-9, Nkx6-1, Nkx6-2) acting downstream of Hedgehog signaling (Ptch1, Rnf220). Active in floor plate and cranial motor neurons, this program defines the p3 progenitor domain and floor plate fate, with Spon1 and Vit serving as floor plate effector genes involved in axon guidance and extracellular matrix organization."
P18,"9030622O22Rik, Shh, Foxa2, Foxa1, Vtn, Pkd1l1, Calca, Cobl, Ttc6, 9530036O11Rik, Arhgef28",11,"Floor plate, Foregut, Midgut, Notochord",Shh-foxa2 ventral midline,"Defines the ventral midline signaling identity shared by floor plate, notochord, and gut endoderm. Shh and the pioneer transcription factors Foxa2/Foxa1 form the core of this program, establishing the axial midline as a key organizer of dorsoventral patterning. Additional genes such as Pkd1l1 (node/notochord left-right signaling) and cytoskeletal regulators (Cobl, Arhgef28) reflect the specialized morphogenetic properties of these midline and endodermal cell types."
P19,"Msx3, Olig3, Prdm13, ENSMUSG00000139468, ENSMUSG00000139384, Grid2, Casz1, Draxin, Nppc",9,"Hindbrain (r1), Hindbrain (r2-r4), Hindbrain (r5-r8), Roof plate, Spinal cord (cervical), Spinal cord interneuron",Dorsal neural tube patterning,"Defines dorsal identity across the hindbrain and spinal cord neural tube. Msx3 and Draxin mark the dorsal midline/roof plate, while Olig3 and Prdm13 specify dorsal interneuron progenitor domains (dP1–dP6), and Casz1 contributes to neural temporal identity. This program reflects the shared dorsal patterning logic that operates along the full rostro-caudal axis of the developing CNS."
P20,"Sorcs1, Slc25a21, Shc3, D030055H07Rik, Glis3, Dtna, Pea15a",7,"Diencephalon, Eye field, Floor plate, Hindbrain (isthmic organizer), Hindbrain (r1), Hypothalamus, Midbrain, Otic placode, Primitive erythrocyte, Roof plate, Telencephalon",Pan-neural signaling,"A broadly active neural program spanning nearly all CNS regions (telencephalon through hindbrain), midline signaling centers (floor plate, roof plate, isthmic organizer), and cranial placodes. The program features neuronal signaling modulators—Shc3 (neuron-specific adaptor coupling neurotrophin/Ret receptors to survival pathways), Pea15a (ERK/MAPK pathway regulator enriched in brain), and Sorcs1 (neuronal receptor trafficking)—alongside the neural transcription factor Glis3 and the dystrophin-complex component Dtna. Together these genes suggest a heritable program that broadly establishes neural signaling competence across the developing CNS."
P21,"Pcdh8, Dll1, Nrarp, Notch1, Epha4, Lama1",6,"Nascent somite, Presomitic mesoderm",Notch somite segmentation,"Notch signaling program driving the somite segmentation clock and boundary formation in paraxial mesoderm. Core pathway components (Dll1, Notch1) and the oscillatory feedback regulator Nrarp coordinate periodic somite formation in the presomitic mesoderm, while Epha4 and Pcdh8 mediate boundary cell sorting and Lama1 contributes to basement membrane deposition at newly formed somite borders."
P22,"Ednrb, Megf10, Dpysl3, Tspan18, Crip2, Vim",6,"Allantoic endothelial progenitor, Arterial endothelial cell, Autonomic neuron, Autonomic progenitor, Endocardial cell, Endothelial cell, Trunk neural crest, Vagal neural crest",Ednrb+ migratory mesenchyme,"A migratory mesenchymal program shared between neural crest and endothelial lineages, centered on endothelin receptor B (Ednrb) signaling. The program includes cytoskeletal and migration effectors (Vim, Dpysl3, Crip2) alongside membrane-organizing and adhesion factors (Tspan18, Megf10), supporting the motile, invasive behavior common to both migrating neural crest cells and angiogenic/vasculogenic endothelium during mid-gestation development."
P23,"Stmn2, Ina, Nrxn1, Rab6b, Crmp1, Gabrb3",6,"Cranial motor neuron, Dorsal root ganglion neuron, Hypothalamic neuron, Midbrain neuron, Olfactory sensory neuron, Somatic motor neuron, Spinal cord interneuron, Trigeminal ganglion neuron",Neuronal maturation,"A pan-neuronal maturation program active across diverse CNS and PNS neuron types. It encodes cytoskeletal regulators of axon growth (Stmn2, Ina, Crmp1), a synaptic adhesion molecule (Nrxn1), a neuron-enriched vesicular trafficking GTPase (Rab6b), and a GABA-A receptor subunit (Gabrb3), collectively driving post-mitotic neuronal differentiation, axonogenesis, and early synaptogenic competence."
P24,"Lhx4, Stk32a, Mnx1, Cntn2, Nyap2, Scrt2",6,Somatic motor neuron,Mnx1/lhx4 motor neuron id,"Specifies somatic motor neuron identity through the LIM-homeodomain transcription factor code. Mnx1 (Hb9) and Lhx4 are canonical determinants of spinal motor neuron fate, while Scrt2 supports neuronal differentiation and Cntn2 mediates motor axon guidance and fasciculation. Together, this program consolidates motor neuron subtype identity and axonal connectivity."
P25,"Thsd7a, Ctnna2, Adcyap1r1, Rassf4, Akap6, Dpp6",6,"Cranial motor neuron, Floor plate, Hypothalamic neuron, Midbrain neuron, Spinal cord interneuron",Ventral cns neuron maturation,"Program associated with neuronal maturation in ventral CNS cell types, including motor neurons, floor plate, and ventral brain regions. It combines neuron-specific adhesion (Ctnna2), ion channel modulation (Dpp6, a Kv4 auxiliary subunit), neuropeptide signaling (Adcyap1r1/PAC1 receptor), and cAMP/PKA scaffolding (Akap6), together supporting the acquisition of mature neuronal properties such as excitability, synaptic connectivity, and axonal organization in ventral neural tube derivatives."
P26,"Trpm1, Slc38a8, Cntn6, A730049H05Rik, Mitf",5,Eye field,Mitf rpe specification,"Retinal pigment epithelium (RPE) identity program driven by Mitf, the master transcription factor for RPE and melanocyte lineages. Includes direct MITF targets Trpm1 and Slc38a8, both associated with pigment epithelium function and optic development. This program likely governs early RPE fate specification within the eye field, linking melanogenic gene regulation to neuroepithelial patterning of the optic vesicle."
P27,"Vstm2b, Gm19872, Ephb1, Sfrp1, Frat2",5,"Definitive endoderm, Forebrain, Hindbrain, Hindbrain (isthmic organizer), Hindbrain (r1), Hindbrain (r2-r4), Hypothalamus, Telencephalon",Neural wnt modulation,"Regulates Wnt signaling tone during brain regionalization. Sfrp1 (Wnt antagonist) and Frat2 (GSK3β inhibitor promoting Wnt) provide opposing Wnt modulatory inputs, while EphB1 and Vstm2b contribute to neural patterning. Active across forebrain, hindbrain, and isthmic organizer, consistent with the graded Wnt signaling that establishes anterior-posterior neural identity."
P28,"Irx2, Irx1, Irx5, Irx3, Crnde",5,"Anterior mesoderm, Diencephalon, Enteroendocrine progenitor, Hindbrain, Hindbrain (r1), Hindbrain (r2-r4), Midbrain, Nascent mesoderm, Spinal cord (cervical), Spinal cord (lumbar), Trigeminal sensory neuron",Irx neural patterning,"Encodes four Iroquois homeobox transcription factors (Irx1/2/3/5) from both the IrxA and IrxB genomic clusters, along with Crnde, a lncRNA embedded within the IrxB locus. Irx genes are master regulators of regional identity along the neural tube, specifying intermediate and dorsal domains in the spinal cord and establishing boundaries between brain compartments (diencephalon, midbrain, hindbrain). Activity across broad CNS regions and nascent/anterior mesoderm reflects the conserved role of Irx factors in anteroposterior and dorsoventral patterning during early organogenesis."
P29,"Sfta3-ps, Nkx2-1, Nkx2-4, ENSMUSG00000130333",4,Hypothalamus,Nkx2-1/2-4 hypothalamic tf,"Encodes the Nkx2-1 and Nkx2-4 homeobox transcription factor program specifying ventral forebrain and hypothalamic identity. Nkx2-1 is a master regulator of hypothalamic primordium development, and Nkx2-4 acts as a closely related paralog in the same domain. Co-expression of Sfta3-ps likely reflects the broader Nkx2-1 regulatory network."
P30,"Pax3, Pax7, Boc, Cdon",4,"Dermomyotome, Hindbrain (r1), Hindbrain (r5-r8), Hypaxial myogenic progenitor, Roof plate, Sacral neural crest, Spinal cord (cervical)",Pax3/7 dorsal progenitor,"Defines the Pax3/Pax7 transcription factor program active in dorsal progenitor domains, including the dermomyotome, dorsal neural tube, and neural crest. Boc and Cdon are Hedgehog co-receptors co-expressed with Pax3/7 in these tissues, where they modulate Shh responsiveness in dorsally positioned progenitors. This program underlies the shared regulatory identity of myogenic progenitors, roof plate, and dorsal spinal cord cells."
P31,"Wfdc1, Mab21l2, Egfem1, Gm37965",4,"Diencephalon, Eye field, Lens placode, Midbrain, Midbrain neuron",Mab21l2+ eye-midbrain,"Program centered on Mab21l2, a transcription factor essential for optic cup and lens morphogenesis, active across the eye field, lens placode, diencephalon, and midbrain. This program likely reflects a shared anterior neural plate regulatory module linking eye and midbrain specification, consistent with the developmental origin of the optic vesicle from the diencephalon."
P32,"Slc44a5, Mapk10, Pth2r, Mn1",4,Hindbrain (r1),R1 neuronal identity,"Defines neuronal identity in rhombomere 1, the precursor to the cerebellum. Mn1 is a transcription factor critical for hindbrain and craniofacial development, while Mapk10 (JNK3) is a brain-enriched MAP kinase involved in neuronal signaling. Pth2r (neuropeptide receptor) and Slc44a5 (choline transporter) further reflect the specialized signaling and metabolic character of r1-derived neurons."
P33,"Tnnt2, Nkx2-5, Unc45b, Myl4, Tnni1, Cripto, Csrp3, Myl7, Ankrd1, Sfrp5, Myh6, Ttn, Mybpc3, Cryab, Tnnc1, Popdc2, Myh7, Ldb3, Gm12295, Hspb2, Ryr2, 5430431A17Rik, Myocd, Hspb7, Myl3, Pgam2, Acta2, Asb2, Mylk3, Smyd1, Trim55, Sphkap, Cnn1, Vsnl1, Ctnna3, Actc1, Sh3bgr, Lrrc10, Tecrl, Rrad, Hspb1, Acta1, Apobec2, Rassf5, Thbs4, Myl2, Abra, Ccdc141, Tnni3, Synpo2l, Atcayos, Myl1, Ppp1r14c, Hspb3, Hrc, Cox6a2, Trdn, Lrrc39, Xirp1, Nebl, ENSMUSG00000132265, Plppr5, Ramp1, Nppb, Myo18b, Tmod1, Tagln, Kcng2, Hcn1, Nppa, Hcn4, Des, Cacna1d, ENSMUSG00000140392, Filip1, Myom1, Alpk2, Rbm24, Tcap, Mical2, Rgs6, Mlip, Cacna2d2, Rcsd1, Fbxl22, Pdlim3, Chchd10, Nexn, Casq1, Fsd2, Pakap-1, Pakap, Jph2, Lmod2, Fitm1, Slc24a2, Fabp3, Smarcd3, Gm30786, Pnmt, Lmod1, Cacna1c, Fbxo32, Kcnj5, 4930512H18Rik, Gm47493, Cap2, Bves, ENSMUSG00000143351, Adm, Obscn, Alpk3, Slc8a1, Ptges3l, Rec114, Styxl2, Mybphl, Trim63, Kcnmb1, Crip1, Gm41505, Klhl31, Atp1b1, Ptk2b, Gyg1, Grb14, Homer2, Prkaa2, Ak1, Adss1, Efhd2",131,"First heart field, Second heart field",Cardiomyocyte contraction,"Encodes the core cardiomyocyte contractile machinery, including sarcomeric components (Tnnt2, Myl4, Myh6, Myh7, Ttn, Mybpc3, Actc1), calcium handling proteins (Ryr2, Casq1, Slc8a1, Jph2), and cardiac ion channels (Hcn4, Cacna1c, Kcnj5). Driven by the master cardiac transcription factor Nkx2-5 alongside Myocd and Smyd1, this program assembles the complete sarcomere and excitation-contraction coupling apparatus required for functional beating cardiomyocytes in both heart fields."
P34,"Kdr, Aplnr, Hhex, Cdh5, Rasgrp3, Emcn, Esam, Icam2, Erg, Cldn5, Flt1, Cd34, Sox18, Etv2, Sox17, Tal1, Gimap6, Tie1, D030007L05Rik, Cd93, Clec1b, Ctla2a, Plvap, Tgfb1, Vamp5, Gng11, Adgrl4, Klhl6, Rasip1, Adgrf5, 4930542D17Rik, Acvrl1, Tfpi, Eng, Ecscr, Mmrn1, Ramp2, Ptprb, Myct1, Lcp1, Grap, Gngt2, Pecam1, Abi3, She, Myzap, Sox7, Gm20532, Flt4, Stab1, Csgalnact1, Plxnd1, Samsn1, Scarf1, Exoc3l4, Rapgef4, Fgd5, Inpp5d, Gimap1, Gimap4, Dysf, Trpc6, Fxyd5, Clec14a, Ppp1r13b, Pdgfb, Calcrl, S1pr1, Arap3, Dusp2, Tlr4, Tnfaip2, Cd38, Thsd1, Shank3, Egfl7",76,"Allantoic endothelial progenitor, Arterial endothelial cell, Endocardial cell, Endothelial cell, Endothelial progenitor",Core endothelial identity,"Defines core endothelial cell identity and specification. This program encompasses the master endothelial transcription factors (Etv2, Erg, Tal1, Sox17/18/7, Hhex), canonical surface markers (Cdh5, Pecam1, Cd34, Esam, Emcn), VEGF signaling receptors (Kdr, Flt1, Flt4), and endothelial junction/adhesion molecules (Cldn5, Icam2, Rasip1). Its broad activation across all endothelial lineages—from progenitors to arterial and endocardial cells—marks it as the foundational program establishing and maintaining endothelial fate during vasculogenesis."
P35,"Postn, Lum, Prss35, Ccn4, Pitx2, Dcn, Serpinb6b, Dkk2, Creb3l1, Smoc2, Fas, Tek, Colec11, Bmp2, Dubr, Gas6, Emp2, Adamts2, Zfpm2, Svep1, Wnt11, Col5a2, Col6a3, Myof, Igsf11, Gm56862, Rarres2, Cd248, Angpt4, Gpx3, Nrp1, Ndrg1, P4ha2, G0s2, Steap1, Anxa3, Steap2, Flnc, Serpinb9, Col5a1, Aard, Tmem108, Me1, Smim1, Anxa6, Glipr2, Fam114a1, Anxa5, Tgfbr3, Sec24d, Sparc, Fbn1, Spats2l, Copz2, Tubb2a, Tubb6, Rhoc, Ghr, Csrp1, Creb3l2, Rcn3",61,Extraembryonic mesoderm,Exm stromal ecm production,"Defines an extracellular matrix-producing stromal program in extraembryonic mesoderm, marked by extensive collagen (Col5a1, Col5a2, Col6a3) and matricellular protein expression (Postn, Sparc, Lum, Dcn, Fbn1, Smoc2) alongside dedicated collagen biosynthesis and secretion machinery (P4ha2, Adamts2, Creb3l1/2, Sec24d, Rcn3). Signaling inputs from BMP2, Wnt11, and TGF-beta (Tgfbr3), combined with the stromal marker Cd248 and transcription factors Pitx2 and Zfpm2, indicate a specialized connective tissue identity that builds the structural scaffold of extraembryonic membranes."
P36,"Wnt2, Tbx5, Hand1, Rgs5, Gata6, Tbx20, Hand2, Tnc, Gata5, Gata6os, Dok4, Asb4, Pmp22, Hand2os1, Hdnr, Dlk1, Ccbe1, Msx2, Bmp4, Gm34030, ENSMUSG00000134964, Msx1, Tmem88, Unc5c, Igf2, Dpf3, Tgfb2, Myrf, Zim1, Kcnq5, Snai2, Unc5b, Pcdh7, Bambi, Bmp5, Kitl, Cgnl1, Zfpm1, Peg10, Igf2os, Man1a, Slc38a4, Ppic, Lsp1, Peg3, Smad6, Usp29, Igf2r, Cdkn1c, Mpped2, Smad7",51,"Allantois, Amniotic ectoderm, Endocardial cell, Epicardium, Extraembryonic mesoderm, Juxtacardiac field, Second heart field, Somatic mesoderm",Cardiac/lpm identity,"Defines lateral plate mesoderm (LPM) and cardiac mesoderm identity through a core transcription factor network (Tbx5, Tbx20, Hand1/2, Gata5/6, Zfpm1/FOG1, Dpf3) active across heart fields, endocardium, epicardium, and extraembryonic mesoderm derivatives. The program integrates BMP/TGF-β signaling (Bmp4, Bmp5, Tgfb2) with pathway feedback inhibitors (Smad6, Smad7, Bambi) and is enriched for imprinted genes (Igf2, Dlk1, Peg3, Peg10, Cdkn1c) that regulate mesodermal growth. Collectively, this program specifies the shared regulatory state of splanchnic and somatic LPM lineages, with strongest activity in cardiac progenitor populations."
P37,"Tac2, Tinagl1, Upk3b, Upk1b, Hapln1, Ahnak, Anxa2, Cavin2, Pla2r1, Bnc1, Ccdc80, Lrrn4, Vnn1, Adamts17, Gjb5, S100a6, Cobll1, Hspb8, Epas1, Cd55, S100a11, Abca4, S100a10, Arhgap29, Cdc42ep5, Jdp2, Hacd4, Hspg2",28,"Amniotic ectoderm, Extraembryonic mesoderm, Trigeminal placode",Mesothelial identity,"Defines mesothelial and surface epithelial identity in extraembryonic and body cavity-lining tissues. Uroplakins (Upk3b, Upk1b) and S100 calcium-binding proteins (S100a6, S100a10, S100a11) are hallmarks of mesothelial cells, supported by membrane-organizing factors (Anxa2, Ahnak, Cavin2), basement membrane components (Hspg2, Tinagl1), and the epithelial transcription factor Bnc1. Epas1 (HIF-2α) further links this program to the hypoxia-responsive extraembryonic compartment where mesothelial precursors reside."
P38,"Tbx4, Pitx1, Foxf1, Fendrr, Isl1, Gm47071, Hoxa13, Ppp1r14a, Tmem158, Pde9a",10,Allantois,Allantois specification,"Defines allantois identity through a posterior mesoderm transcription factor program. Tbx4, Pitx1, Hoxa13, and Foxf1/Fendrr collectively establish posterior lateral plate mesoderm fate in the allantois, with Hoxa13 being essential for allantois morphogenesis and chorioallantoic fusion. Isl1 contributes to the broader caudal mesoderm regulatory network supporting this extraembryonic lineage."
P39,"D030025E07Rik, ENSMUSG00000136475, ENSMUSG00000133633, ENSMUSG00000131589, Tdrd12",5,"Lateral plate mesoderm, Second heart field, Splanchnic mesoderm",Novel lpm/shf transcripts,"A program composed almost entirely of uncharacterized or poorly annotated genes (RIKEN clones and novel Ensembl loci) active in lateral plate and splanchnic mesoderm, including the second heart field. The sole named gene, Tdrd12, is primarily known for piRNA-pathway function in the germline and has no established role in mesoderm development. This program likely captures novel or non-coding transcripts with lineage-heritable expression in splanchnic mesodermal derivatives, though its functional significance remains unclear."
P40,"Gucy1a1, Irag1, Rem1, Gucy1b1, Prnp",5,Megakaryocyte,No-cgmp signaling,"Encodes the nitric oxide–cGMP signaling axis in megakaryocytes. Gucy1a1 and Gucy1b1 form the soluble guanylyl cyclase heterodimer (the NO receptor), while Irag1 is a key cGMP-dependent protein kinase (PKG) substrate that inhibits IP3 receptor–mediated calcium release to restrain platelet activation. Prnp further modulates platelet aggregation, linking this program to NO-dependent regulation of megakaryocyte maturation and hemostatic function."
P41,"Synpo2, Tgfb1i1, Myl9, Tpm2",4,"Extraembryonic mesoderm, First heart field, Megakaryocyte, Myotome, Second heart field",Actomyosin contractility,"Encodes core components of the actomyosin contractile apparatus, including regulatory myosin light chain (Myl9), tropomyosin (Tpm2), and actin-associated scaffolding proteins (Synpo2, Tgfb1i1). This program is active across mesodermal lineages that require cytoskeletal contractility—cardiac progenitors of both heart fields, myotome, extraembryonic mesoderm, and megakaryocytes—reflecting a shared smooth/non-sarcomeric contractile module used broadly during mesoderm diversification."
P42,"Ndufa4l2, Cox4i2, Tmem45a, Pgm1",4,"Allantois, Anterior mesoderm, Autonomic neuron, Extraembryonic mesoderm, First heart field, Hepatoblast",Hif hypoxia response,"HIF-regulated hypoxic metabolic adaptation program. Ndufa4l2 and Cox4i2 are direct HIF-1α targets that remodel mitochondrial electron transport chain complexes I and IV to reduce oxygen consumption under low-oxygen conditions, while Pgm1 supports the glycolytic shift and Tmem45a is a hypoxia-inducible transmembrane protein. Activity in allantois, extraembryonic mesoderm, and first heart field is consistent with tissues experiencing physiological hypoxia during early embryogenesis."
P43,"Rbm20, Amph, Smtnl2, Pkp2",4,"First heart field, Second heart field",Cardiomyocyte structure,"A cardiac structural maturation program active across both heart fields. Rbm20 drives cardiac-specific alternative splicing of sarcomeric genes (e.g., titin), Pkp2 encodes the desmosomal protein plakophilin-2 essential for mechanical coupling at intercalated discs, Smtnl2 contributes to contractile apparatus organization, and Amph participates in membrane remodeling. Together, these genes coordinate the assembly of sarcomeric, junctional, and membrane structures required for functional cardiomyocyte differentiation."
P44,"Alx3, Hpse2, Alx4, Ddr2, Prrx1, Cped1, Alx1, Col1a1, Twist1, Col26a1, Gm56620, Twist2, Dnm3os, Fli1, Igf1, Col9a1, Bnc2, Flrt2, Prrx2, Pcolce, Tril, Col23a1, Tnfaip6, Inka1, Lama2, Col1a2, Ets1, Serpinf1, Pdgfra, Clmp, Itga8, Runx1t1, Pdgfrb, Itga9, Ppfibp2, Rhoj, Tmem119, Snai1, Nid1, Dlc1, Tgfbi, Cdh11, ENSMUSG00000139539, Fbln5, Crispld1, Tns1, Hmcn1, Kctd12, Adgra2, Eva1b, Mfap4, Ror1, Sema5a, Dact3, Ednra, Emilin1, Lima1, Pkdcc, Cnn2, Lgals1, Elk3, Colec12, Sgcd, Arhgap31, Scarf2, Rbms3, Aff3, St6galnac3, Oaf, Zcchc24, Prex2, Prkg1, Sh3bp5, Dixdc1, Pcdh18, Arhgap28, Samd4, Gng12, Plpp3, Igfbp4, Arhgef40",81,"Forelimb field, Frontonasal mesenchyme, Head paraxial mesoderm, Hindlimb field, Juxtacardiac field, Periocular mesoderm, Pharyngeal arch mesenchyme, Sclerotome, Somatic mesoderm",Mesenchyme identity,"Core mesenchymal identity program defined by Twist1/2, Prrx1/2, Snai1, and Alx1/3/4 transcription factors together with mesenchyme-associated receptors (Pdgfra, Pdgfrb, Ednra) and abundant ECM components (Col1a1/1a2, laminins, fibulin, emilin). Active across diverse mesoderm- and neural crest-derived mesenchymal populations—limb fields, pharyngeal arch, frontonasal, periocular, and sclerotome—it establishes the shared transcriptional and extracellular matrix scaffold underlying mesenchyme specification and connective tissue formation during mid-embryogenesis."
P45,"Meox1, Tcf15, Fap, Pax1, Uncx, Meox2, Foxc2, Foxd1, Dmrt2, Nkx3-1, Sim1, Wnt16, Gm41244, Foxd2os, Six1, Pax1dt, Foxc1, Ebf2, Ntn1, Pgm5, Bmp3, Cxcl12, Foxd2, Adra1a, 2610016A17Rik, Sec1, 9130410C08Rik, Ebf1, Agmo, Ebf3, Ism1, Sncaip, Eya1, Islr, Lrig1, Itih5, Selenop, Phlda1, Rab3il1, Fbn2, Pcsk5, Dock5",42,"Dermomyotome, Head paraxial mesoderm, Hypaxial myogenic progenitor, Nascent somite, Sclerotome",Somite identity,"Defines the core transcriptional identity of somitic paraxial mesoderm, driven by master regulators of somitogenesis (Meox1/2, Tcf15/Paraxis, Pax1, Foxc1/2, Dmrt2, Uncx) along with the Six1-Eya1 and Ebf1/2/3 programs. Active across somite compartments—nascent somite, dermomyotome, sclerotome, and hypaxial myogenic progenitors—this program encodes the shared heritable signature of somite-derived lineages rather than a single compartment fate."
P46,"Lhx9, Tbx15, Rspo4, Shox2, Lmx1b, C130021I20Rik, Lix1, Gpc5, Hgf, Cdo1, a",11,"Forelimb field, Hindlimb field",Limb mesenchyme identity,"Defines limb bud mesenchyme identity and patterning in both fore- and hindlimb fields. The program centers on key limb transcription factors including Lmx1b (dorsal limb fate), Shox2 (proximal stylopod patterning), Tbx15 (dorso-ventral specification), and Lhx9, alongside limb-enriched signaling components such as Rspo4 (Wnt potentiator), Hgf (muscle precursor migration), and the limb marker Lix1. Together these genes establish the core mesenchymal framework for early limb morphogenesis and axial patterning."
P47,"Sparcl1, S1pr3, Nkd2, Pdlim4, Lrig3, Sulf2, Pde4d",7,"Dermomyotome, Nascent somite, Notochord, Presomitic mesoderm, Sclerotome",Somite signal modulation,"A signaling modulation program active across the somite maturation trajectory and notochord. It combines negative regulators of Wnt (Nkd2), receptor tyrosine kinase (Lrig3), and heparan sulfate-dependent signaling (Sulf2) with cAMP turnover (Pde4d) and ECM/cytoskeletal components (Sparcl1, Pdlim4), suggesting coordinated attenuation of multiple signaling pathways during somite patterning and differentiation into dermomyotome and sclerotome compartments."
P48,"Gm8730, D130009I18Rik, Gm13611, Gm10076, Hba-a1, Rpl24",6,Primitive erythrocyte,Primery hba/ribosomal,"Primitive erythrocyte program coupling alpha-globin (Hba-a1) expression with ribosomal machinery (Rpl24) and co-transcribed pseudogenes/unannotated transcripts (Gm8730, Gm13611, Gm10076, D130009I18Rik). This likely reflects the exceptionally high transcriptional and translational output required for massive hemoglobin accumulation in primitive red blood cells, with pseudogene transcription as a byproduct of the permissive chromatin state in these cells."
P49,"Crym, Six2, Tbx2, Crlf1, D030045P18Rik, Kank4",6,Frontonasal mesenchyme,Frontonasal mesenchyme id,"Defines frontonasal mesenchyme identity and midface morphogenesis. Six2 is a master regulator of the frontonasal prominence whose loss causes midface clefting, while Tbx2 contributes to craniofacial patterning. Crlf1 is linked to craniofacial development (Crisponi/cold-induced sweating syndrome), and Crym marks craniofacial mesenchyme, together specifying the progenitor population that forms the midface and nasal structures."
P50,"Epha3, Ppp2r2b, Col14a1, Ccser1, Pde3a, Crispld2",6,"Juxtacardiac field, Otic placode, Somatic mesoderm",Morphogenetic ecm remodeling,"This program coordinates extracellular matrix organization and morphogenetic signaling during tissue remodeling. Col14a1 and Crispld2 encode secreted ECM components that regulate collagen fibrillogenesis and matrix integrity, while Epha3 mediates cell sorting and tissue boundary formation. Intracellular modulators Pde3a and Ppp2r2b fine-tune cAMP and phosphatase signaling downstream of morphogenetic cues. Active in the juxtacardiac field, otic placode, and somatic mesoderm—tissues undergoing active shape changes and mesenchymal reorganization during mid-embryogenesis."
P51,"Barx1, Dlx1, Dlx2, Lhx8, Gm29260, Mab21l1",6,Pharyngeal arch mesenchyme,Pharyngeal arch patterning,"Encodes a transcription factor program governing pharyngeal arch mesenchyme identity and craniofacial patterning. Barx1, Dlx1, Dlx2, and Lhx8 are homeobox transcription factors co-expressed in neural crest-derived mesenchyme of the pharyngeal arches, where they specify proximal-distal positional identity and are essential for downstream craniofacial structures including the jaw, palate, and teeth. Mab21l1 further supports craniofacial morphogenesis in this context."
P52,"Halr1, Cd36, Foxl1, Esrrg, P3h2",5,"Dermomyotome, Enteroendocrine progenitor, First heart field, Lateral plate mesoderm, Myotome, Periocular mesoderm, Sclerotome, Second heart field",Mesoderm metabolic,"This program combines metabolic regulators Esrrg and Cd36 (lipid/energy metabolism) with the mesenchymal transcription factor Foxl1, collagen-modifying enzyme P3h2, and lncRNA Halr1 across diverse mesodermal lineages. Active broadly in somite compartments (dermomyotome, myotome, sclerotome), both heart fields, lateral plate mesoderm, and periocular mesoderm, it likely reflects a shared metabolic and extracellular matrix maturation state accompanying mesodermal diversification."
P53,"Abca9, Lamc3, Apod, Lepr, Gm35330",5,"Head paraxial mesoderm, Notochord",Meso lipid transport/ecm,"Encodes a lipid transport and extracellular matrix program active in axial and paraxial mesoderm. Abca9 and Apod mediate lipid/cholesterol trafficking, Lepr provides metabolic signaling input, and Lamc3 contributes to basement membrane assembly. This program may support the stromal-mesenchymal character of head paraxial mesoderm and notochord through coordinated lipid handling and matrix remodeling."
P54,"Parm1, Cthrc1, Lamb1, Col4a2, Col4a1",5,Parietal endoderm,Reichert's bm synthesis,"Encodes major structural components of Reichert's membrane, the thick basement membrane secreted by parietal endoderm. Col4a1, Col4a2, and Lamb1 are the canonical collagen IV and laminin constituents of this extraembryonic basement membrane, while Cthrc1 promotes collagen deposition. This program reflects the primary secretory function of parietal endoderm in assembling the barrier between the embryo and maternal tissue."
P55,"Tbx1, Gm12829, Gm266, Hlf",4,"Anterior mesoderm, Pharyngeal mesoderm",Tbx1 pharyngeal mesoderm,"Tbx1-driven program specifying pharyngeal mesoderm identity. Tbx1 is the master transcription factor for pharyngeal arch development and the second heart field; its loss causes DiGeorge syndrome-associated cardiac outflow tract, craniofacial, and thymus defects. Activity in anterior and pharyngeal mesoderm aligns with Tbx1's role in patterning the cranial mesoderm that contributes to pharyngeal arch muscles, great vessels, and cardiac structures."
P56,"Bcl11a, Bcl11b, Nfib, Oxct1",4,"Arterial endothelial cell, Endocardial cell, Endothelial cell, Epiblast, Epicardium, Juxtacardiac field, Mesothelium, Olfactory sensory neuron, Rostral ectoderm, Spinal cord (sacral)",Bcl11/nfib fate regulators,"A chromatin-remodeling transcription factor program centered on the paralogous zinc finger repressors Bcl11a and Bcl11b, which recruit the NuRD and BAF (SWI/SNF) complexes, together with the pioneer factor Nfib. Active across diverse progenitor and differentiating lineages—endothelial, mesothelial, neural, and epiblast—this program likely governs broad cell fate specification by remodeling chromatin accessibility at lineage-decision loci. Oxct1 may reflect a linked metabolic shift toward ketone body utilization in these fate-transitioning cells."
P57,"Trp63, Wnt6, Cxcl14, Sostdc1, Perp, Sfn, Krt7, Fermt1, Cldn4, Epcam, Esrp1, Cdh1, Krt5, Grhl2, Gjb3, Kremen2, Ap1m2, Ntf5, Rab25, Tacstd2, Cldn3, Crb3, Prss8, Gjb2, Adamts18, Mpzl2, Tmem54, Mapk13, Gm16136, Wnt3, Npnt, Bcam, Lypd6b, St14, Wnt4, Espn, Mir205hg, Ccdc68, Cdcp1, Ppl, Cdh3, Spint1, Barx2, Sp6, Marveld2, Pdgfa, Krt14, Frem2, Atp2c2, Acer2, Dsp, Prss22, Jag2, Il17re, Kcnk1, Itga3, Grb7, Cpz, Ass1, Arhgef16, Galnt18, Cgn, Ocln, Exph5, F11r, Lad1, Irf6, Eps8l2, Arhgap8, Pdlim1, Rasef, Fmn1, Card10, Rab27b, Pls1, Rab15, Rnf43, Ovol2, Lamc2, Macc1, Ifitm3, Susd4, Upk3bl, Lmo7, Ikzf2, Fam83b, Arhgef5, Gprc5c, Mctp2, Sh3gl2, Lama5, Jup, Atp8b1, 2310002F09Rik, Patj, Hpn, Gm56906, Fras1, Col18a1",99,"Amniotic ectoderm, Epibranchial placode, Epidermal progenitor, Lens placode, Midgut, Pharyngeal endoderm, Pre-placodal ectoderm, Surface ectoderm, Trigeminal placode",Surface ectoderm identity,"Defines the surface ectoderm and stratified epithelial fate driven by master regulator Trp63, along with Grhl2, Ovol2, and Irf6. The program establishes epithelial architecture through extensive cell junction (Cdh1, Dsp, Jup, claudins, occludin), desmosomal (Perp, Ppl), and basement membrane (Lama5, Lamc2, Fras1) components, while Esrp1 enforces epithelial splicing and keratins (Krt5, Krt14, Krt7) provide cytoskeletal identity. Active across surface ectoderm derivatives—epidermal progenitors, cranial placodes, and amniotic ectoderm—as well as epithelialized endoderm, reflecting a shared program for non-neural ectoderm specification and epithelial barrier formation."
P58,"Nepn, Fabp1, Rfx6, Tdh, Ihh, Apela, Lgals2, Tspan8, Cpm, Dio3, Enpp1, Ffar4, Pdzk1ip1, Gpr39, B4galnt2, Ang, Hkdc1, Rcan2",18,"Midgut, Visceral endoderm",Midgut endoderm identity,"Defines midgut endoderm specification and early epithelial differentiation. Key features include the gut endocrine transcription factor Rfx6, Indian Hedgehog (Ihh) signaling from the gut epithelium, and nutrient-sensing/lipid metabolism genes (Fabp1, Ffar4, Gpr39, Hkdc1) characteristic of emerging absorptive identity. Activity in visceral endoderm reflects shared transcriptional signatures between visceral and definitive gut endoderm lineages."
P59,"Ambp, Fgb, Serpinf2, Habp2, Fgg, Nr5a2, Foxa3, Plg, Trf, Akr1c19, Hnf4a, Gulo, Spp2, Il1r1, Apoa2, Paqr9, Slc2a2",17,"Hepatoblast, Visceral endoderm",Hepatoblast identity,"Defines early hepatocyte specification driven by the master hepatic transcription factors Hnf4a, Foxa3, and Nr5a2. The program activates a broad suite of liver secretory products including coagulation factors (Fgb, Fgg, Plg, Serpinf2), serum proteins (Ambp, Trf, Apoa2), and hepatic metabolic enzymes (Gulo, Slc2a2, Akr1c19). Its activity in both hepatoblasts and visceral endoderm reflects the shared HNF4A-dependent transcriptional identity of these two lineages."
P60,"Lrp2, Map7, Igfbp2, Dab1, Ston2, Wwc1, Tpd52, Plekha7, Hook1, Cmtm8, H2-D1, Emb, Mbp, Ezr, Kank1",15,"Amniotic ectoderm, Definitive endoderm, Epiblast, Epibranchial placode, Epidermal progenitor, Extraembryonic ectoderm, Forebrain, Foregut, Gut, Hindbrain, Hindgut, Lens placode, Midgut, Olfactory placode, Olfactory sensory neuron, Otic placode, Pharyngeal endoderm, Pre-placodal ectoderm, Primordial germ cell, Rostral ectoderm, Surface ectoderm, Trigeminal placode, Visceral endoderm",Apical epithelial polarity,"Establishes apical membrane identity and receptor-mediated endocytosis in polarized epithelia. The Lrp2–Dab1 endocytic axis, vesicle trafficking components (Ston2, Hook1, Tpd52), and apical scaffold/polarity factors (Ezr, Plekha7, Wwc1, Kank1) collectively organize the apical surface for morphogen uptake and signal modulation. Its broad activity across ectoderm, endoderm, and placodal epithelia reflects a shared requirement for apical-basal polarity during early organogenesis."
P61,"Lefty2, Utf1, Mesp1, Eomes, L1td1, Platr10, ENSMUSG00000144146, Psors1c2, Zscan10, Dppa5a, Bst2",11,"Epiblast, Extraembryonic ectoderm, Nascent mesoderm, Primitive streak, Primordial germ cell, Rostral ectoderm",Epiblast-streak transition,"Captures the transition from pluripotent epiblast through the primitive streak during gastrulation. This program combines core pluripotency factors (Utf1, Dppa5a, Zscan10, L1td1, Platr10) with key gastrulation drivers (Eomes, Mesp1, Lefty2), reflecting the gene regulatory state of epiblast cells as they undergo EMT and ingress through the streak to form nascent mesoderm. Its activity in primordial germ cells is consistent with PGC reactivation of the pluripotency network."
P62,"Ccdc198, Cpn1, Pcsk9, Galntl6, Fgfr4, Hnf1b, Hnf1aos1, Pcbd1",8,"Foregut, Gut, Hepatoblast, Hindgut, Midgut, Visceral endoderm",Hnf1 endoderm identity,"HNF1-driven transcriptional program active across endoderm-derived gut and hepatic lineages. Hnf1b is the central transcription factor, supported by its cofactor Pcbd1 and the regulatory antisense transcript Hnf1aos1, while downstream targets include liver- and gut-enriched genes such as Fgfr4, Pcsk9, and Cpn1. This program likely establishes and maintains pan-endodermal identity during gut tube regionalization and early hepatoblast specification."
P63,"Dlx5, Dlx6, Gad2, Dlx6os1, Dlx3",5,"Olfactory placode, Olfactory sensory neuron, Pre-placodal ectoderm",Dlx olfactory placode,"Dlx family transcription factor program driving olfactory placode specification and sensory neuron differentiation. Dlx3/5/6 and the regulatory lncRNA Dlx6os1 form a coherent module for placodal identity, while Gad2 reflects downstream GABAergic neuron fate specification characteristic of Dlx-dependent neurogenesis in the olfactory epithelium."
P64,"Foxi2, Galnt3, Ctxn3, Ripply3, Cldn9",5,Epibranchial placode,Foxi2+ epibranchial placode,"Defines epibranchial placode identity through the pioneer transcription factor Foxi2, a master regulator of cranial placode specification, combined with epithelial junction and glycosylation genes (Cldn9, Galnt3) that establish placodal epithelial character. Ripply3, a transcriptional repressor involved in pharyngeal segmentation, links this program to branchial arch patterning cues that position epibranchial placodes adjacent to pharyngeal clefts."
P65,"Fosb, Egr1, Zfp36, Fos, Junb",5,"Extraembryonic ectoderm, Lens placode, Macrophage, Megakaryocyte, Trigeminal placode",Ieg/ap-1 response,"Immediate early gene (IEG) response program centered on AP-1 transcription factor components (Fos, Fosb, Junb) along with the early-response transcription factor Egr1 and the mRNA decay factor Zfp36/TTP. This program reflects rapid, transient transcriptional activation in response to growth factors, cytokines, or stress signals, and its activity across diverse cell types is consistent with a generic stimulus-response module rather than a lineage-specific identity program."
P66,"Vgll2, Nkx2-6, Plet1, Prdm1",4,"Epibranchial placode, Midgut, Myotome, Pharyngeal endoderm, Primordial germ cell",Prdm1 fate specification,"Prdm1 (Blimp1)-centered program for cell fate specification across multiple lineages. Prdm1 and Nkx2-6 jointly drive pharyngeal endoderm and epibranchial placode patterning, while Vgll2 marks myotomal commitment and Plet1 labels specified progenitors including primordial germ cells. The program unifies Prdm1's repeated deployment as a fate-locking transcriptional repressor in pharyngeal apparatus development, PGC specification, and gut endoderm."
P67,"Sema3d, Met, Hs6st3, Pdgfc",4,"Epibranchial placode, Epidermal progenitor, Hypaxial myogenic progenitor, Myotome, Trigeminal placode",Migration/guidance signaling,"Encodes a cell migration and guidance signaling module combining receptor tyrosine kinase signaling (Met, Pdgfc), semaphorin-mediated guidance (Sema3d), and heparan sulfate modification (Hs6st3) that tunes growth factor availability. This program is active in cell populations that undergo delamination and long-range migration during development, including hypaxial muscle precursors (where Met is classically required for emigration from the dermomyotome), cranial placode neurons that delaminate and migrate to form sensory ganglia, and epidermal progenitors undergoing morphogenetic movements."
P68,"Sox10, Cdh19, Tfap2b, Foxd3, Tfap2a, Erbb3, Gm12688, ENSMUSG00000122671, Tnik, Luzp2, Cdh6, Plcg2, Grik2, Phactr1, Cotl1",15,"Autonomic neuron, Autonomic progenitor, Cranial neural crest, Dorsal root ganglion progenitor, Sacral neural crest, Trunk neural crest, Vagal neural crest",Neural crest identity,"Core neural crest specification and identity program driven by the master regulators Sox10, Foxd3, Tfap2a, and Tfap2b. Active across all neural crest populations (cranial, trunk, vagal, sacral) and their peripheral nervous system derivatives, with Erbb3 and Cdh19 supporting migration and cell-cell adhesion. This program defines the shared transcriptional identity of the neural crest lineage as it diversifies into autonomic neurons, sensory progenitors, and migratory crest populations."
P69,"Insc, Ndst3, Prdm12, Gfra1, Nkain4, Lgi4",6,"Autonomic neuron, Autonomic progenitor, Dorsal root ganglion neuron, Dorsal root ganglion progenitor, Epibranchial sensory neuron, Midbrain neuron, Otic sensory neuron, Trigeminal ganglion neuron, Trigeminal sensory neuron, Trunk neural crest, Vagal neural crest",Pns neuron specification,"Specifies peripheral nervous system neuron identity across neural crest-derived sensory and autonomic lineages. Prdm12 is a master transcription factor for somatosensory (particularly nociceptor) neuron fate, while Gfra1 (GDNF receptor) mediates neurotrophic signaling essential for sensory and autonomic neuron survival and differentiation. Lgi4 promotes peripheral nerve maturation, and Insc regulates asymmetric division during neurogenesis, together defining a shared program for peripheral neuron specification from trunk/vagal neural crest through cranial and spinal ganglia."
P70,"Mef2c, Plxna4, Adam12, Pde7b, Lama4, Mcam",6,"Arterial endothelial cell, Autonomic neuron, Autonomic progenitor, Cranial neural crest, Endocardial cell, Endothelial cell, Endothelial progenitor, Epicardium",Mef2c vascular morphogenesis,"Mef2c-driven program active across endothelial, endocardial, epicardial, and neural crest lineages during cardiovascular morphogenesis. The combination of vascular ECM components (Lama4, Mcam), a metalloprotease (Adam12), and semaphorin receptor guidance (Plxna4) points to a role in vascular remodeling and patterning, unifying cell types that contribute to heart and great vessel development including neural crest-derived autonomic and smooth muscle progenitors."
