cell_type,embryo,mean_clade_time,mean_clade_size,n_clades
Allantois,E9.5-R1,8.97012312657006,2,3
Amniotic ectoderm,E9.5-R1,8.2735563324675,4.77142857142857,70
Arterial endothelial cell,E9.5-R1,8.38119088799112,2.06666666666666,15
Autonomic progenitor,E9.5-R1,8.54748516854952,3.4125,160
Axial progenitor,E9.5-R1,8.83017120337461,3.06837606837606,234
Cranial motor neuron,E9.5-R1,8.71237702904443,2.5103734439834,241
Cranial neural crest,E9.5-R1,8.57596251566465,3.98867313915857,618
Dermomyotome,E9.5-R1,8.6493451791684,4.28735232800555,2878
Diencephalon,E9.5-R1,8.60441900238991,5.45556805399325,889
Dorsal root ganglion neuron,E9.5-R1,8.76256515616012,2.76470588235294,51
Dorsal root ganglion progenitor,E9.5-R1,8.79369271206736,2.17948717948717,39
Endocardial cell,E9.5-R1,8.21213068084879,3.09210526315789,76
Endothelial cell,E9.5-R1,8.29137900963766,3.05339805825242,618
Endothelial progenitor,E9.5-R1,8.75599689011796,2.24390243902439,82
Epibranchial placode,E9.5-R1,8.59846398445088,4.30935251798561,139
Epibranchial sensory neuron,E9.5-R1,8.7157061945897,2.67307692307692,52
Epicardium,E9.5-R1,8.41994444621707,3.63492063492063,63
Epidermal progenitor,E9.5-R1,8.41902345010884,8.94727891156462,588
Extraembryonic mesoderm,E9.5-R1,7.64309456386636,10.504854368932,103
Eye field,E9.5-R1,8.60704858085615,5.59157509157509,546
First heart field,E9.5-R1,7.87297201460422,3.24390243902439,123
Floor plate,E9.5-R1,8.59030840239231,4.32542694497153,1054
Foregut,E9.5-R1,8.20884026452209,3.84615384615384,156
Forelimb field,E9.5-R1,8.62565181811176,7.32558139534883,989
Frontonasal mesenchyme,E9.5-R1,8.32825383501781,12.3384853168469,647
Head paraxial mesoderm,E9.5-R1,8.18035508897467,16.97304964539,705
Hematopoietic progenitor,E9.5-R1,8.97025226133428,2,3
Hemogenic endothelium,E9.5-R1,9.21672670726535,2,2
Hepatoblast,E9.5-R1,7.96726757444179,4.08771929824561,57
Hindbrain (isthmic organizer),E9.5-R1,8.75497363591791,2.95820895522388,335
Hindbrain (r1),E9.5-R1,8.58024171031641,5.45121951219512,984
Hindbrain (r2-r4),E9.5-R1,8.55321930247239,6.13899323816679,1331
Hindbrain (r5-r8),E9.5-R1,8.68679166444746,4.43126684636118,1484
Hindgut,E9.5-R1,8.26395185735973,7.24038461538461,104
Hindlimb field,E9.5-R1,8.76786090916296,3.08189655172413,232
Hypaxial myogenic progenitor,E9.5-R1,8.70810448522431,2.80216802168021,369
Hypothalamic neuron,E9.5-R1,8.75262385466577,2.296875,64
Hypothalamus,E9.5-R1,8.62298063713319,5.50219298245614,456
Intermediate mesoderm,E9.5-R1,8.62617641694653,3.28951747088186,601
Juxtacardiac field,E9.5-R1,8.41642443018842,3.02739726027397,73
Lens placode,E9.5-R1,8.66848695350507,4.30722891566265,166
Macrophage,E9.5-R1,7.56498526944384,6.06818181818181,44
Megakaryocyte,E9.5-R1,7.64463659349652,3.90322580645161,31
Mesothelium,E9.5-R1,8.59244970090736,2.5,4
Midbrain,E9.5-R1,8.5911042517837,6.4568345323741,1112
Midbrain neuron,E9.5-R1,8.70362557199808,2.61867704280155,257
Midgut,E9.5-R1,8.01333071422369,4.22471910112359,89
Myotome,E9.5-R1,8.81453462729933,2.25,100
Nascent somite,E9.5-R1,8.74130534620862,3.8152610441767,498
Notochord,E9.5-R1,7.69118991871595,3.91379310344827,58
Olfactory placode,E9.5-R1,8.5559700901608,5.83939393939394,330
Olfactory sensory neuron,E9.5-R1,8.79823647407583,2.29411764705882,17
Otic placode,E9.5-R1,8.46380457743699,4.66412213740458,131
Otic sensory neuron,E9.5-R1,8.51819684415343,3.6,40
Periocular mesoderm,E9.5-R1,8.3381417528597,6.45098039215686,102
Pharyngeal arch mesenchyme,E9.5-R1,8.39287882483679,10.4893238434163,1124
Pharyngeal endoderm,E9.5-R1,8.10310100193322,8.5,174
Pharyngeal mesoderm,E9.5-R1,8.38124447845382,5.17021276595744,376
Presomitic mesoderm,E9.5-R1,8.72868699434448,3.95081967213114,549
Primordial germ cell,E9.5-R1,7.89442639091903,3.5,2
Roof plate,E9.5-R1,8.68113092129464,3.01764705882352,510
Sacral neural crest,E9.5-R1,8.87800744237957,2.83892617449664,149
Sclerotome,E9.5-R1,8.54639578123011,5.95390524967989,3124
Second heart field,E9.5-R1,8.2971310899623,3.77974683544303,395
Somatic mesoderm,E9.5-R1,8.62079215146996,5.7766917293233,2660
Somatic motor neuron,E9.5-R1,8.77544630428326,2.42597402597402,385
Spinal cord (cervical),E9.5-R1,8.68313069226101,4.86810228802153,2229
Spinal cord (lumbar),E9.5-R1,8.78052163776871,4.19951632406287,827
Spinal cord (sacral),E9.5-R1,8.82338506833213,3.27551020408163,392
Spinal cord (thoracic),E9.5-R1,8.72819701231883,5.23785310734463,1770
Spinal cord interneuron,E9.5-R1,8.80059411680221,2.25581395348837,516
Splanchnic mesoderm,E9.5-R1,8.5729821923857,3.59396299902629,1027
Surface ectoderm,E9.5-R1,8.57455569423824,4.19,100
Telencephalon,E9.5-R1,8.53731805573363,8.94657097288676,1254
Trigeminal ganglion neuron,E9.5-R1,8.62139381014115,2.94656488549618,131
Trigeminal placode,E9.5-R1,8.46882568417324,4.94145199063231,427
Trigeminal sensory neuron,E9.5-R1,8.69701611813066,4.18229166666666,192
Trunk neural crest,E9.5-R1,8.72290358333203,3.65458937198067,414
Vagal neural crest,E9.5-R1,8.6547269601556,3.00738007380073,271
Amniotic ectoderm,E9.5-R2,8.12203550881249,6.40425531914893,141
Arterial endothelial cell,E9.5-R2,7.95815110088219,2.52380952380952,21
Autonomic neuron,E9.5-R2,8.61534032477067,2.22222222222222,9
Autonomic progenitor,E9.5-R2,8.41588340648644,3.80497925311203,241
Axial progenitor,E9.5-R2,8.80870479972012,2.88940092165898,217
Cranial motor neuron,E9.5-R2,8.60305063653897,2.48908296943231,229
Cranial neural crest,E9.5-R2,8.52735953459889,3.87004754358161,631
Dermomyotome,E9.5-R2,8.62366540769009,3.94718309859154,3124
Diencephalon,E9.5-R2,8.50592271649353,4.33562822719449,581
Dorsal root ganglion neuron,E9.5-R2,8.66958679080104,2.69369369369369,111
Dorsal root ganglion progenitor,E9.5-R2,8.75759984469181,2.33846153846153,65
Endocardial cell,E9.5-R2,8.10372257881653,3.68852459016393,122
Endothelial cell,E9.5-R2,8.22331104317823,3.12669683257918,884
Endothelial progenitor,E9.5-R2,8.73653618302928,2.13043478260869,69
Epibranchial placode,E9.5-R2,8.47583907021281,5.05263157894736,228
Epibranchial sensory neuron,E9.5-R2,8.42226523274691,2.99090909090909,110
Epicardium,E9.5-R2,8.29477406217091,4.27659574468085,94
Epidermal progenitor,E9.5-R2,8.26425615531694,10.417610062893,795
Extraembryonic mesoderm,E9.5-R2,7.7366238971843,9.35374149659863,147
Eye field,E9.5-R2,8.50131708375073,4.79052369077306,401
First heart field,E9.5-R2,7.58691225365916,3.62068965517241,87
Floor plate,E9.5-R2,8.51714089771387,3.58310991957104,746
Foregut,E9.5-R2,8.12606732075525,4.47019867549668,151
Forelimb field,E9.5-R2,8.54430632232161,7.4251497005988,1169
Frontonasal mesenchyme,E9.5-R2,8.20797001260152,11.749506903353,507
Head paraxial mesoderm,E9.5-R2,8.0456605844723,8.53250773993808,646
Hematopoietic progenitor,E9.5-R2,8.16114902790913,2,3
Hemogenic endothelium,E9.5-R2,8.77696690391632,2,5
Hepatoblast,E9.5-R2,7.85314887007667,7.14285714285714,84
Hindbrain (isthmic organizer),E9.5-R2,8.69438412921651,2.74074074074074,189
Hindbrain (r1),E9.5-R2,8.44714402908099,4.5084175084175,594
Hindbrain (r2-r4),E9.5-R2,8.46247278374656,4.87401574803149,1016
Hindbrain (r5-r8),E9.5-R2,8.56592135608824,4.31565656565656,1188
Hindgut,E9.5-R2,7.98759912597713,9.13725490196078,102
Hindlimb field,E9.5-R2,8.7312789171749,3.51758793969849,597
Hypaxial myogenic progenitor,E9.5-R2,8.61701751621626,3.06181015452538,453
Hypothalamic neuron,E9.5-R2,8.77930146940902,2.35714285714285,84
Hypothalamus,E9.5-R2,8.49497539727925,4.64948453608247,291
Intermediate mesoderm,E9.5-R2,8.55218063029535,3.3248730964467,788
Juxtacardiac field,E9.5-R2,8.35073488795877,4.05882352941176,119
Lens placode,E9.5-R2,8.57356337077477,4.18292682926829,164
Macrophage,E9.5-R2,7.47546471550986,8.10869565217391,46
Megakaryocyte,E9.5-R2,7.95132399669756,2.69230769230769,26
Mesothelium,E9.5-R2,8.87247794300562,2.1,10
Midbrain,E9.5-R2,8.47038114885375,4.61968085106383,752
Midbrain neuron,E9.5-R2,8.65209922248671,2.59009009009009,222
Midgut,E9.5-R2,7.88119128575843,4.79310344827586,87
Myotome,E9.5-R2,8.69335451383815,2.30645161290322,124
Nascent somite,E9.5-R2,8.69388877517914,3.66594827586206,464
Notochord,E9.5-R2,7.4504414103364,3.95744680851063,47
Olfactory placode,E9.5-R2,8.42913657048713,5.57198443579766,257
Olfactory sensory neuron,E9.5-R2,8.7913930549167,2.08,25
Otic placode,E9.5-R2,8.31311642121938,4.920245398773,163
Otic sensory neuron,E9.5-R2,8.51994700270812,3.07407407407407,81
Periocular mesoderm,E9.5-R2,8.28658436640527,3.17391304347826,46
Pharyngeal arch mesenchyme,E9.5-R2,8.26509487044627,10.5031222123104,1121
Pharyngeal endoderm,E9.5-R2,7.85203378979814,9.26086956521739,161
Pharyngeal mesoderm,E9.5-R2,8.23248585079321,4.62087912087912,364
Presomitic mesoderm,E9.5-R2,8.66259935817635,4.0018018018018,555
Roof plate,E9.5-R2,8.64993415301864,2.7324414715719,299
Sacral neural crest,E9.5-R2,8.83182719185372,2.82291666666666,192
Sclerotome,E9.5-R2,8.49572250355741,5.50081256771397,3692
Second heart field,E9.5-R2,8.31096728416135,3.89215686274509,408
Somatic mesoderm,E9.5-R2,8.54508981286589,5.75431982406534,3183
Somatic motor neuron,E9.5-R2,8.73244889505036,2.45558739255014,349
Spinal cord (cervical),E9.5-R2,8.61309310844731,4.25557283566614,1929
Spinal cord (lumbar),E9.5-R2,8.73322047770245,4.17154255319149,752
Spinal cord (sacral),E9.5-R2,8.77027949488984,3.23839009287925,323
Spinal cord (thoracic),E9.5-R2,8.70417802012134,5.23740201567749,1786
Spinal cord interneuron,E9.5-R2,8.67779367617008,2.27463312368972,477
Splanchnic mesoderm,E9.5-R2,8.4695264784205,3.85746268656716,1340
Surface ectoderm,E9.5-R2,8.55812021562151,4.27472527472527,182
Telencephalon,E9.5-R2,8.37361028296769,9.03448275862069,841
Trigeminal ganglion neuron,E9.5-R2,8.55836627887672,3.41496598639455,147
Trigeminal placode,E9.5-R2,8.34174908405764,4.2188679245283,265
Trigeminal sensory neuron,E9.5-R2,8.50484262778906,4.63076923076923,195
Trunk neural crest,E9.5-R2,8.68867246280929,3.64738805970149,536
Vagal neural crest,E9.5-R2,8.6777964250798,2.89729729729729,370
Allantois,E9.5-R3,9.29708219966559,2,1
Amniotic ectoderm,E9.5-R3,8.26282904775848,4.37974683544303,158
Arterial endothelial cell,E9.5-R3,8.41360614399616,2.08,25
Autonomic neuron,E9.5-R3,8.8505074003794,2.57142857142857,7
Autonomic progenitor,E9.5-R3,8.58866409904518,3.51190476190476,252
Axial progenitor,E9.5-R3,8.86106944964464,2.88652482269503,282
Cranial motor neuron,E9.5-R3,8.70183284600747,2.5625,304
Cranial neural crest,E9.5-R3,8.64265279195727,4.23575949367088,632
Dermomyotome,E9.5-R3,8.67904008701843,3.92607924305144,3382
Diencephalon,E9.5-R3,8.61916501138634,5.39215686274509,918
Dorsal root ganglion neuron,E9.5-R3,8.74544876920689,2.70212765957446,94
Dorsal root ganglion progenitor,E9.5-R3,8.84135080653974,2.2,45
Endocardial cell,E9.5-R3,8.2504735366626,3.31654676258992,139
Endothelial cell,E9.5-R3,8.30454773528356,2.72505091649694,491
Endothelial progenitor,E9.5-R3,8.81171919455768,2.17708333333333,96
Epibranchial placode,E9.5-R3,8.57826755553016,4.444,250
Epibranchial sensory neuron,E9.5-R3,8.72473360958329,2.72950819672131,122
Epicardium,E9.5-R3,8.54179422588263,3.0625,96
Epidermal progenitor,E9.5-R3,8.39048895545659,9.7100977198697,921
Extraembryonic mesoderm,E9.5-R3,7.68415758676445,10.1422594142259,239
Eye field,E9.5-R3,8.64719385176047,4.55474452554744,548
First heart field,E9.5-R3,7.95879578761671,2.54444444444444,90
Floor plate,E9.5-R3,8.64695925123607,4.04681194511703,1239
Foregut,E9.5-R3,8.24283728078715,3.88343558282208,163
Forelimb field,E9.5-R3,8.5933661798917,6.79055258467023,1122
Frontonasal mesenchyme,E9.5-R3,8.35964708210871,13.6472261735419,703
Head paraxial mesoderm,E9.5-R3,8.22672495486561,13.4780388151174,979
Hematopoietic progenitor,E9.5-R3,8.34263103914928,2.25,4
Hemogenic endothelium,E9.5-R3,8.40972447789035,2,3
Hepatoblast,E9.5-R3,8.11361278617097,3.73015873015873,63
Hindbrain (isthmic organizer),E9.5-R3,8.78368830695516,3,379
Hindbrain (r1),E9.5-R3,8.63771448602263,5.581351094196,1051
Hindbrain (r2-r4),E9.5-R3,8.62619337236493,6.51581027667984,1518
Hindbrain (r5-r8),E9.5-R3,8.72086577211794,4.48214285714285,2072
Hindgut,E9.5-R3,7.97525031154724,10.4259259259259,108
Hindlimb field,E9.5-R3,8.79523127520029,3.2004662004662,429
Hypaxial myogenic progenitor,E9.5-R3,8.74054879376639,2.75826972010178,393
Hypothalamic neuron,E9.5-R3,8.79356794004697,2.39639639639639,111
Hypothalamus,E9.5-R3,8.64768097172699,5.04405286343612,454
Intermediate mesoderm,E9.5-R3,8.65315555605502,3.337822671156,891
Juxtacardiac field,E9.5-R3,8.4922940241277,3.51685393258426,89
Lens placode,E9.5-R3,8.6886929100294,4.9010989010989,182
Macrophage,E9.5-R3,7.70155157518549,5.08510638297872,47
Megakaryocyte,E9.5-R3,7.73317156207297,4.02083333333333,48
Mesothelium,E9.5-R3,8.78702148489933,2.15,20
Midbrain,E9.5-R3,8.65432233572168,6.21644042232277,1326
Midbrain neuron,E9.5-R3,8.69161754273352,2.63989637305699,386
Midgut,E9.5-R3,7.94818548952328,4.51282051282051,117
Myotome,E9.5-R3,8.83576462125679,2.125,96
Nascent somite,E9.5-R3,8.80213939763721,3.23058252427184,412
Notochord,E9.5-R3,7.44792138813425,4.54054054054054,74
Olfactory placode,E9.5-R3,8.59085396451446,5.41324921135646,317
Olfactory sensory neuron,E9.5-R3,8.93097731620043,2.46428571428571,28
Otic placode,E9.5-R3,8.51544943641372,3.94615384615384,130
Otic sensory neuron,E9.5-R3,8.58064820674934,4.05263157894736,76
Periocular mesoderm,E9.5-R3,8.37244302457828,4.61870503597122,139
Pharyngeal arch mesenchyme,E9.5-R3,8.41638202204691,11.1796809403862,1191
Pharyngeal endoderm,E9.5-R3,7.96801605067935,9.30635838150289,173
Pharyngeal mesoderm,E9.5-R3,8.36248563875663,4.77034358047016,553
Presomitic mesoderm,E9.5-R3,8.76943256274909,3.81641791044776,670
Primordial germ cell,E9.5-R3,7.52459869725977,4,2
Roof plate,E9.5-R3,8.71882229934042,2.94291338582677,508
Sacral neural crest,E9.5-R3,8.90074398663738,2.84027777777777,144
Sclerotome,E9.5-R3,8.54595635577636,6.27924156611672,4061
Second heart field,E9.5-R3,8.34002192928071,4.03007518796992,532
Somatic mesoderm,E9.5-R3,8.61277496991406,6.3231918868428,3747
Somatic motor neuron,E9.5-R3,8.79849333917538,2.56374501992031,502
Spinal cord (cervical),E9.5-R3,8.73764323414961,4.3654725609756,2624
Spinal cord (lumbar),E9.5-R3,8.81828394306146,4.30224719101123,890
Spinal cord (sacral),E9.5-R3,8.84320994000682,3.38613861386138,505
Spinal cord (thoracic),E9.5-R3,8.80654260189745,4.86968838526912,2118
Spinal cord interneuron,E9.5-R3,8.82001500716939,2.33982947624847,821
Splanchnic mesoderm,E9.5-R3,8.58280932050514,3.92029365495542,1907
Surface ectoderm,E9.5-R3,8.65120951717939,4.71978021978022,182
Telencephalon,E9.5-R3,8.53228941383118,9.60311284046692,1285
Trigeminal ganglion neuron,E9.5-R3,8.64319689026806,3.02884615384615,104
Trigeminal placode,E9.5-R3,8.46301569746799,4.96205357142857,448
Trigeminal sensory neuron,E9.5-R3,8.68225440384154,4.73513513513513,185
Trunk neural crest,E9.5-R3,8.78380186385286,3.34158415841584,404
Vagal neural crest,E9.5-R3,8.76216480075656,2.79772079772079,351
