,embryo,stage,fate,lineage,mean_time,mean_size,n_progenitors
0,E9.5-R1,E9.5,Allantois,Extraembryonic mesoderm,8.970123126570064,2.0,3
1,E9.5-R1,E9.5,Amniotic ectoderm,Extraembryonic ectoderm,8.273556332467507,4.771428571428571,70
2,E9.5-R1,E9.5,Arterial endothelial cell,Mesoderm,8.381190887991123,2.066666666666667,15
3,E9.5-R1,E9.5,Autonomic progenitor,Neural crest,8.547485168549526,3.4125,160
4,E9.5-R1,E9.5,Axial progenitor,Epiblast,8.830171203374611,3.0683760683760686,234
5,E9.5-R1,E9.5,Cranial motor neuron,Neural ectoderm,8.712377029044436,2.5103734439834025,241
6,E9.5-R1,E9.5,Cranial neural crest,Neural crest,8.57596251566465,3.988673139158576,618
7,E9.5-R1,E9.5,Dermomyotome,Paraxial mesoderm,8.649345179168403,4.287352328005559,2878
8,E9.5-R1,E9.5,Diencephalon,Neural ectoderm,8.604419002389918,5.455568053993251,889
9,E9.5-R1,E9.5,Dorsal root ganglion neuron,Neural crest,8.76256515616012,2.764705882352941,51
10,E9.5-R1,E9.5,Dorsal root ganglion progenitor,Neural crest,8.793692712067365,2.1794871794871793,39
11,E9.5-R1,E9.5,Endocardial cell,Lateral plate mesoderm,8.212130680848793,3.0921052631578947,76
12,E9.5-R1,E9.5,Endothelial cell,Mesoderm,8.291379009637668,3.0533980582524274,618
13,E9.5-R1,E9.5,Endothelial progenitor,Mesoderm,8.755996890117961,2.2439024390243905,82
14,E9.5-R1,E9.5,Epibranchial placode,Surface ectoderm,8.598463984450884,4.309352517985611,139
15,E9.5-R1,E9.5,Epibranchial sensory neuron,Surface ectoderm,8.715706194589702,2.673076923076923,52
16,E9.5-R1,E9.5,Epicardium,Lateral plate mesoderm,8.419944446217078,3.634920634920635,63
17,E9.5-R1,E9.5,Epidermal progenitor,Surface ectoderm,8.419023450108845,8.947278911564625,588
18,E9.5-R1,E9.5,Extraembryonic mesoderm,Extraembryonic mesoderm,7.643094563866366,10.504854368932039,103
19,E9.5-R1,E9.5,Eye field,Neural ectoderm,8.607048580856153,5.591575091575091,546
20,E9.5-R1,E9.5,First heart field,Lateral plate mesoderm,7.872972014604228,3.2439024390243905,123
21,E9.5-R1,E9.5,Floor plate,Neural ectoderm,8.590308402392317,4.325426944971537,1054
22,E9.5-R1,E9.5,Foregut,Endoderm,8.208840264522099,3.8461538461538463,156
23,E9.5-R1,E9.5,Forelimb field,Lateral plate mesoderm,8.625651818111761,7.325581395348837,989
24,E9.5-R1,E9.5,Frontonasal mesenchyme,Neural crest,8.328253835017813,12.338485316846986,647
25,E9.5-R1,E9.5,Head paraxial mesoderm,Paraxial mesoderm,8.180355088974675,16.97304964539007,705
26,E9.5-R1,E9.5,Hematopoietic progenitor,Blood,8.970252261334284,2.0,3
27,E9.5-R1,E9.5,Hemogenic endothelium,Mesoderm,9.216726707265355,2.0,2
28,E9.5-R1,E9.5,Hepatoblast,Endoderm,7.967267574441795,4.087719298245614,57
29,E9.5-R1,E9.5,Hindbrain (isthmic organizer),Neural ectoderm,8.754973635917915,2.9582089552238804,335
30,E9.5-R1,E9.5,Hindbrain (r1),Neural ectoderm,8.580241710316416,5.451219512195122,984
31,E9.5-R1,E9.5,Hindbrain (r2-r4),Neural ectoderm,8.553219302472392,6.138993238166792,1331
32,E9.5-R1,E9.5,Hindbrain (r5-r8),Neural ectoderm,8.686791664447467,4.431266846361186,1484
33,E9.5-R1,E9.5,Hindgut,Endoderm,8.263951857359732,7.240384615384615,104
34,E9.5-R1,E9.5,Hindlimb field,Lateral plate mesoderm,8.767860909162966,3.081896551724138,232
35,E9.5-R1,E9.5,Hypaxial myogenic progenitor,Paraxial mesoderm,8.708104485224311,2.8021680216802167,369
36,E9.5-R1,E9.5,Hypothalamic neuron,Neural ectoderm,8.752623854665774,2.296875,64
37,E9.5-R1,E9.5,Hypothalamus,Neural ectoderm,8.622980637133198,5.50219298245614,456
38,E9.5-R1,E9.5,Intermediate mesoderm,Intermediate mesoderm,8.626176416946533,3.2895174708818637,601
39,E9.5-R1,E9.5,Juxtacardiac field,Lateral plate mesoderm,8.41642443018842,3.0273972602739727,73
40,E9.5-R1,E9.5,Lens placode,Surface ectoderm,8.66848695350507,4.307228915662651,166
41,E9.5-R1,E9.5,Macrophage,Blood,7.5649852694438415,6.068181818181818,44
42,E9.5-R1,E9.5,Megakaryocyte,Blood,7.64463659349652,3.903225806451613,31
43,E9.5-R1,E9.5,Mesothelium,Lateral plate mesoderm,8.592449700907364,2.5,4
44,E9.5-R1,E9.5,Midbrain,Neural ectoderm,8.591104251783705,6.456834532374101,1112
45,E9.5-R1,E9.5,Midbrain neuron,Neural ectoderm,8.703625571998082,2.6186770428015564,257
46,E9.5-R1,E9.5,Midgut,Endoderm,8.013330714223692,4.224719101123595,89
47,E9.5-R1,E9.5,Myotome,Paraxial mesoderm,8.81453462729933,2.25,100
48,E9.5-R1,E9.5,Nascent somite,Paraxial mesoderm,8.74130534620862,3.8152610441767068,498
49,E9.5-R1,E9.5,Notochord,Mesoderm,7.691189918715956,3.913793103448276,58
50,E9.5-R1,E9.5,Olfactory placode,Surface ectoderm,8.555970090160802,5.83939393939394,330
51,E9.5-R1,E9.5,Olfactory sensory neuron,Surface ectoderm,8.798236474075832,2.2941176470588234,17
52,E9.5-R1,E9.5,Otic placode,Surface ectoderm,8.463804577436994,4.66412213740458,131
53,E9.5-R1,E9.5,Otic sensory neuron,Surface ectoderm,8.518196844153435,3.6,40
54,E9.5-R1,E9.5,Periocular mesoderm,Paraxial mesoderm,8.338141752859702,6.450980392156863,102
55,E9.5-R1,E9.5,Pharyngeal arch mesenchyme,Neural crest,8.392878824836798,10.48932384341637,1124
56,E9.5-R1,E9.5,Pharyngeal endoderm,Endoderm,8.10310100193322,8.5,174
57,E9.5-R1,E9.5,Pharyngeal mesoderm,Paraxial mesoderm,8.381244478453825,5.170212765957447,376
58,E9.5-R1,E9.5,Presomitic mesoderm,Paraxial mesoderm,8.728686994344484,3.9508196721311477,549
59,E9.5-R1,E9.5,Primordial germ cell,Primordial germ cell,7.894426390919038,3.5,2
60,E9.5-R1,E9.5,Roof plate,Neural ectoderm,8.681130921294644,3.0176470588235293,510
61,E9.5-R1,E9.5,Sacral neural crest,Neural crest,8.878007442379577,2.838926174496644,149
62,E9.5-R1,E9.5,Sclerotome,Paraxial mesoderm,8.546395781230114,5.953905249679898,3124
63,E9.5-R1,E9.5,Second heart field,Lateral plate mesoderm,8.297131089962305,3.779746835443038,395
64,E9.5-R1,E9.5,Somatic mesoderm,Lateral plate mesoderm,8.620792151469965,5.776691729323308,2660
65,E9.5-R1,E9.5,Somatic motor neuron,Neural ectoderm,8.775446304283268,2.425974025974026,385
66,E9.5-R1,E9.5,Spinal cord (cervical),Neural ectoderm,8.683130692261019,4.868102288021534,2229
67,E9.5-R1,E9.5,Spinal cord (lumbar),Neural ectoderm,8.780521637768711,4.199516324062878,827
68,E9.5-R1,E9.5,Spinal cord (sacral),Neural ectoderm,8.823385068332138,3.2755102040816326,392
69,E9.5-R1,E9.5,Spinal cord (thoracic),Neural ectoderm,8.728197012318832,5.237853107344633,1770
70,E9.5-R1,E9.5,Spinal cord interneuron,Neural ectoderm,8.800594116802213,2.255813953488372,516
71,E9.5-R1,E9.5,Splanchnic mesoderm,Lateral plate mesoderm,8.572982192385709,3.59396299902629,1027
72,E9.5-R1,E9.5,Surface ectoderm,Surface ectoderm,8.57455569423824,4.19,100
73,E9.5-R1,E9.5,Telencephalon,Neural ectoderm,8.53731805573363,8.946570972886763,1254
74,E9.5-R1,E9.5,Trigeminal ganglion neuron,Neural crest,8.621393810141152,2.946564885496183,131
75,E9.5-R1,E9.5,Trigeminal placode,Surface ectoderm,8.468825684173247,4.941451990632318,427
76,E9.5-R1,E9.5,Trigeminal sensory neuron,Surface ectoderm,8.697016118130668,4.182291666666667,192
77,E9.5-R1,E9.5,Trunk neural crest,Neural crest,8.722903583332037,3.654589371980676,414
78,E9.5-R1,E9.5,Vagal neural crest,Neural crest,8.6547269601556,3.007380073800738,271
79,E9.5-R2,E9.5,Amniotic ectoderm,Extraembryonic ectoderm,8.122035508812491,6.404255319148936,141
80,E9.5-R2,E9.5,Arterial endothelial cell,Mesoderm,7.958151100882199,2.5238095238095237,21
81,E9.5-R2,E9.5,Autonomic neuron,Neural crest,8.615340324770674,2.2222222222222223,9
82,E9.5-R2,E9.5,Autonomic progenitor,Neural crest,8.415883406486444,3.804979253112033,241
83,E9.5-R2,E9.5,Axial progenitor,Epiblast,8.808704799720127,2.889400921658986,217
84,E9.5-R2,E9.5,Cranial motor neuron,Neural ectoderm,8.603050636538978,2.489082969432314,229
85,E9.5-R2,E9.5,Cranial neural crest,Neural crest,8.527359534598894,3.8700475435816166,631
86,E9.5-R2,E9.5,Dermomyotome,Paraxial mesoderm,8.623665407690092,3.9471830985915495,3124
87,E9.5-R2,E9.5,Diencephalon,Neural ectoderm,8.505922716493533,4.335628227194492,581
88,E9.5-R2,E9.5,Dorsal root ganglion neuron,Neural crest,8.669586790801047,2.6936936936936937,111
89,E9.5-R2,E9.5,Dorsal root ganglion progenitor,Neural crest,8.757599844691816,2.3384615384615386,65
90,E9.5-R2,E9.5,Endocardial cell,Lateral plate mesoderm,8.103722578816537,3.6885245901639343,122
91,E9.5-R2,E9.5,Endothelial cell,Mesoderm,8.223311043178239,3.1266968325791855,884
92,E9.5-R2,E9.5,Endothelial progenitor,Mesoderm,8.736536183029283,2.130434782608696,69
93,E9.5-R2,E9.5,Epibranchial placode,Surface ectoderm,8.475839070212817,5.052631578947368,228
94,E9.5-R2,E9.5,Epibranchial sensory neuron,Surface ectoderm,8.42226523274691,2.9909090909090907,110
95,E9.5-R2,E9.5,Epicardium,Lateral plate mesoderm,8.294774062170918,4.276595744680851,94
96,E9.5-R2,E9.5,Epidermal progenitor,Surface ectoderm,8.264256155316945,10.417610062893083,795
97,E9.5-R2,E9.5,Extraembryonic mesoderm,Extraembryonic mesoderm,7.736623897184301,9.353741496598639,147
98,E9.5-R2,E9.5,Eye field,Neural ectoderm,8.501317083750733,4.7905236907730675,401
99,E9.5-R2,E9.5,First heart field,Lateral plate mesoderm,7.586912253659168,3.6206896551724137,87
100,E9.5-R2,E9.5,Floor plate,Neural ectoderm,8.517140897713873,3.5831099195710454,746
101,E9.5-R2,E9.5,Foregut,Endoderm,8.126067320755258,4.470198675496689,151
102,E9.5-R2,E9.5,Forelimb field,Lateral plate mesoderm,8.544306322321617,7.425149700598802,1169
103,E9.5-R2,E9.5,Frontonasal mesenchyme,Neural crest,8.207970012601523,11.749506903353057,507
104,E9.5-R2,E9.5,Head paraxial mesoderm,Paraxial mesoderm,8.045660584472309,8.532507739938081,646
105,E9.5-R2,E9.5,Hematopoietic progenitor,Blood,8.16114902790913,2.0,3
106,E9.5-R2,E9.5,Hemogenic endothelium,Mesoderm,8.776966903916328,2.0,5
107,E9.5-R2,E9.5,Hepatoblast,Endoderm,7.8531488700766765,7.142857142857143,84
108,E9.5-R2,E9.5,Hindbrain (isthmic organizer),Neural ectoderm,8.694384129216518,2.740740740740741,189
109,E9.5-R2,E9.5,Hindbrain (r1),Neural ectoderm,8.447144029080997,4.508417508417509,594
110,E9.5-R2,E9.5,Hindbrain (r2-r4),Neural ectoderm,8.462472783746565,4.874015748031496,1016
111,E9.5-R2,E9.5,Hindbrain (r5-r8),Neural ectoderm,8.565921356088245,4.315656565656566,1188
112,E9.5-R2,E9.5,Hindgut,Endoderm,7.987599125977134,9.137254901960784,102
113,E9.5-R2,E9.5,Hindlimb field,Lateral plate mesoderm,8.7312789171749,3.5175879396984926,597
114,E9.5-R2,E9.5,Hypaxial myogenic progenitor,Paraxial mesoderm,8.617017516216263,3.061810154525386,453
115,E9.5-R2,E9.5,Hypothalamic neuron,Neural ectoderm,8.77930146940902,2.357142857142857,84
116,E9.5-R2,E9.5,Hypothalamus,Neural ectoderm,8.49497539727925,4.649484536082475,291
117,E9.5-R2,E9.5,Intermediate mesoderm,Intermediate mesoderm,8.552180630295357,3.3248730964467006,788
118,E9.5-R2,E9.5,Juxtacardiac field,Lateral plate mesoderm,8.350734887958776,4.0588235294117645,119
119,E9.5-R2,E9.5,Lens placode,Surface ectoderm,8.573563370774773,4.182926829268292,164
120,E9.5-R2,E9.5,Macrophage,Blood,7.4754647155098635,8.108695652173912,46
121,E9.5-R2,E9.5,Megakaryocyte,Blood,7.951323996697569,2.6923076923076925,26
122,E9.5-R2,E9.5,Mesothelium,Lateral plate mesoderm,8.872477943005629,2.1,10
123,E9.5-R2,E9.5,Midbrain,Neural ectoderm,8.47038114885375,4.61968085106383,752
124,E9.5-R2,E9.5,Midbrain neuron,Neural ectoderm,8.652099222486717,2.59009009009009,222
125,E9.5-R2,E9.5,Midgut,Endoderm,7.881191285758433,4.793103448275862,87
126,E9.5-R2,E9.5,Myotome,Paraxial mesoderm,8.693354513838157,2.306451612903226,124
127,E9.5-R2,E9.5,Nascent somite,Paraxial mesoderm,8.693888775179142,3.665948275862069,464
128,E9.5-R2,E9.5,Notochord,Mesoderm,7.450441410336408,3.9574468085106385,47
129,E9.5-R2,E9.5,Olfactory placode,Surface ectoderm,8.429136570487138,5.571984435797665,257
130,E9.5-R2,E9.5,Olfactory sensory neuron,Surface ectoderm,8.791393054916703,2.08,25
131,E9.5-R2,E9.5,Otic placode,Surface ectoderm,8.313116421219382,4.920245398773006,163
132,E9.5-R2,E9.5,Otic sensory neuron,Surface ectoderm,8.519947002708124,3.074074074074074,81
133,E9.5-R2,E9.5,Periocular mesoderm,Paraxial mesoderm,8.286584366405275,3.1739130434782608,46
134,E9.5-R2,E9.5,Pharyngeal arch mesenchyme,Neural crest,8.265094870446276,10.503122212310437,1121
135,E9.5-R2,E9.5,Pharyngeal endoderm,Endoderm,7.852033789798144,9.26086956521739,161
136,E9.5-R2,E9.5,Pharyngeal mesoderm,Paraxial mesoderm,8.232485850793218,4.6208791208791204,364
137,E9.5-R2,E9.5,Presomitic mesoderm,Paraxial mesoderm,8.662599358176351,4.001801801801802,555
138,E9.5-R2,E9.5,Roof plate,Neural ectoderm,8.649934153018643,2.7324414715719065,299
139,E9.5-R2,E9.5,Sacral neural crest,Neural crest,8.831827191853728,2.8229166666666665,192
140,E9.5-R2,E9.5,Sclerotome,Paraxial mesoderm,8.49572250355741,5.500812567713976,3692
141,E9.5-R2,E9.5,Second heart field,Lateral plate mesoderm,8.310967284161356,3.892156862745098,408
142,E9.5-R2,E9.5,Somatic mesoderm,Lateral plate mesoderm,8.545089812865895,5.754319824065347,3183
143,E9.5-R2,E9.5,Somatic motor neuron,Neural ectoderm,8.732448895050366,2.4555873925501435,349
144,E9.5-R2,E9.5,Spinal cord (cervical),Neural ectoderm,8.613093108447313,4.255572835666149,1929
145,E9.5-R2,E9.5,Spinal cord (lumbar),Neural ectoderm,8.73322047770245,4.17154255319149,752
146,E9.5-R2,E9.5,Spinal cord (sacral),Neural ectoderm,8.770279494889847,3.238390092879257,323
147,E9.5-R2,E9.5,Spinal cord (thoracic),Neural ectoderm,8.704178020121349,5.237402015677492,1786
148,E9.5-R2,E9.5,Spinal cord interneuron,Neural ectoderm,8.677793676170085,2.2746331236897275,477
149,E9.5-R2,E9.5,Splanchnic mesoderm,Lateral plate mesoderm,8.469526478420505,3.8574626865671644,1340
150,E9.5-R2,E9.5,Surface ectoderm,Surface ectoderm,8.558120215621516,4.274725274725275,182
151,E9.5-R2,E9.5,Telencephalon,Neural ectoderm,8.373610282967693,9.03448275862069,841
152,E9.5-R2,E9.5,Trigeminal ganglion neuron,Neural crest,8.55836627887672,3.4149659863945576,147
153,E9.5-R2,E9.5,Trigeminal placode,Surface ectoderm,8.34174908405764,4.218867924528302,265
154,E9.5-R2,E9.5,Trigeminal sensory neuron,Surface ectoderm,8.504842627789067,4.630769230769231,195
155,E9.5-R2,E9.5,Trunk neural crest,Neural crest,8.688672462809294,3.6473880597014925,536
156,E9.5-R2,E9.5,Vagal neural crest,Neural crest,8.677796425079809,2.8972972972972975,370
157,E9.5-R3,E9.5,Allantois,Extraembryonic mesoderm,9.297082199665594,2.0,1
158,E9.5-R3,E9.5,Amniotic ectoderm,Extraembryonic ectoderm,8.262829047758485,4.379746835443038,158
159,E9.5-R3,E9.5,Arterial endothelial cell,Mesoderm,8.413606143996166,2.08,25
160,E9.5-R3,E9.5,Autonomic neuron,Neural crest,8.850507400379408,2.5714285714285716,7
161,E9.5-R3,E9.5,Autonomic progenitor,Neural crest,8.588664099045184,3.511904761904762,252
162,E9.5-R3,E9.5,Axial progenitor,Epiblast,8.861069449644644,2.8865248226950353,282
163,E9.5-R3,E9.5,Cranial motor neuron,Neural ectoderm,8.701832846007477,2.5625,304
164,E9.5-R3,E9.5,Cranial neural crest,Neural crest,8.642652791957278,4.235759493670886,632
165,E9.5-R3,E9.5,Dermomyotome,Paraxial mesoderm,8.679040087018434,3.926079243051449,3382
166,E9.5-R3,E9.5,Diencephalon,Neural ectoderm,8.619165011386347,5.392156862745098,918
167,E9.5-R3,E9.5,Dorsal root ganglion neuron,Neural crest,8.745448769206893,2.702127659574468,94
168,E9.5-R3,E9.5,Dorsal root ganglion progenitor,Neural crest,8.841350806539745,2.2,45
169,E9.5-R3,E9.5,Endocardial cell,Lateral plate mesoderm,8.250473536662605,3.316546762589928,139
170,E9.5-R3,E9.5,Endothelial cell,Mesoderm,8.304547735283569,2.725050916496945,491
171,E9.5-R3,E9.5,Endothelial progenitor,Mesoderm,8.811719194557687,2.1770833333333335,96
172,E9.5-R3,E9.5,Epibranchial placode,Surface ectoderm,8.57826755553016,4.444,250
173,E9.5-R3,E9.5,Epibranchial sensory neuron,Surface ectoderm,8.724733609583296,2.7295081967213113,122
174,E9.5-R3,E9.5,Epicardium,Lateral plate mesoderm,8.541794225882636,3.0625,96
175,E9.5-R3,E9.5,Epidermal progenitor,Surface ectoderm,8.390488955456599,9.710097719869706,921
176,E9.5-R3,E9.5,Extraembryonic mesoderm,Extraembryonic mesoderm,7.6841575867644565,10.142259414225942,239
177,E9.5-R3,E9.5,Eye field,Neural ectoderm,8.64719385176047,4.554744525547445,548
178,E9.5-R3,E9.5,First heart field,Lateral plate mesoderm,7.958795787616719,2.5444444444444443,90
179,E9.5-R3,E9.5,Floor plate,Neural ectoderm,8.64695925123607,4.04681194511703,1239
180,E9.5-R3,E9.5,Foregut,Endoderm,8.242837280787155,3.8834355828220857,163
181,E9.5-R3,E9.5,Forelimb field,Lateral plate mesoderm,8.593366179891706,6.790552584670232,1122
182,E9.5-R3,E9.5,Frontonasal mesenchyme,Neural crest,8.359647082108717,13.647226173541963,703
183,E9.5-R3,E9.5,Head paraxial mesoderm,Paraxial mesoderm,8.226724954865613,13.478038815117467,979
184,E9.5-R3,E9.5,Hematopoietic progenitor,Blood,8.342631039149284,2.25,4
185,E9.5-R3,E9.5,Hemogenic endothelium,Mesoderm,8.409724477890355,2.0,3
186,E9.5-R3,E9.5,Hepatoblast,Endoderm,8.113612786170975,3.7301587301587302,63
187,E9.5-R3,E9.5,Hindbrain (isthmic organizer),Neural ectoderm,8.783688306955165,3.0,379
188,E9.5-R3,E9.5,Hindbrain (r1),Neural ectoderm,8.637714486022636,5.581351094196004,1051
189,E9.5-R3,E9.5,Hindbrain (r2-r4),Neural ectoderm,8.62619337236493,6.515810276679842,1518
190,E9.5-R3,E9.5,Hindbrain (r5-r8),Neural ectoderm,8.720865772117948,4.482142857142857,2072
191,E9.5-R3,E9.5,Hindgut,Endoderm,7.97525031154724,10.425925925925926,108
192,E9.5-R3,E9.5,Hindlimb field,Lateral plate mesoderm,8.795231275200297,3.2004662004662006,429
193,E9.5-R3,E9.5,Hypaxial myogenic progenitor,Paraxial mesoderm,8.74054879376639,2.758269720101781,393
194,E9.5-R3,E9.5,Hypothalamic neuron,Neural ectoderm,8.79356794004697,2.3963963963963963,111
195,E9.5-R3,E9.5,Hypothalamus,Neural ectoderm,8.647680971726995,5.044052863436123,454
196,E9.5-R3,E9.5,Intermediate mesoderm,Intermediate mesoderm,8.65315555605502,3.3378226711560046,891
197,E9.5-R3,E9.5,Juxtacardiac field,Lateral plate mesoderm,8.492294024127702,3.5168539325842696,89
198,E9.5-R3,E9.5,Lens placode,Surface ectoderm,8.6886929100294,4.9010989010989015,182
199,E9.5-R3,E9.5,Macrophage,Blood,7.701551575185491,5.085106382978723,47
200,E9.5-R3,E9.5,Megakaryocyte,Blood,7.733171562072979,4.020833333333333,48
201,E9.5-R3,E9.5,Mesothelium,Lateral plate mesoderm,8.787021484899332,2.15,20
202,E9.5-R3,E9.5,Midbrain,Neural ectoderm,8.65432233572168,6.216440422322775,1326
203,E9.5-R3,E9.5,Midbrain neuron,Neural ectoderm,8.691617542733521,2.639896373056995,386
204,E9.5-R3,E9.5,Midgut,Endoderm,7.948185489523287,4.512820512820513,117
205,E9.5-R3,E9.5,Myotome,Paraxial mesoderm,8.835764621256791,2.125,96
206,E9.5-R3,E9.5,Nascent somite,Paraxial mesoderm,8.802139397637214,3.2305825242718447,412
207,E9.5-R3,E9.5,Notochord,Mesoderm,7.447921388134255,4.54054054054054,74
208,E9.5-R3,E9.5,Olfactory placode,Surface ectoderm,8.590853964514464,5.413249211356467,317
209,E9.5-R3,E9.5,Olfactory sensory neuron,Surface ectoderm,8.930977316200432,2.4642857142857144,28
210,E9.5-R3,E9.5,Otic placode,Surface ectoderm,8.515449436413723,3.9461538461538463,130
211,E9.5-R3,E9.5,Otic sensory neuron,Surface ectoderm,8.58064820674934,4.052631578947368,76
212,E9.5-R3,E9.5,Periocular mesoderm,Paraxial mesoderm,8.372443024578281,4.618705035971223,139
213,E9.5-R3,E9.5,Pharyngeal arch mesenchyme,Neural crest,8.416382022046914,11.17968094038623,1191
214,E9.5-R3,E9.5,Pharyngeal endoderm,Endoderm,7.968016050679359,9.306358381502891,173
215,E9.5-R3,E9.5,Pharyngeal mesoderm,Paraxial mesoderm,8.36248563875663,4.770343580470163,553
216,E9.5-R3,E9.5,Presomitic mesoderm,Paraxial mesoderm,8.76943256274909,3.816417910447761,670
217,E9.5-R3,E9.5,Primordial germ cell,Primordial germ cell,7.524598697259779,4.0,2
218,E9.5-R3,E9.5,Roof plate,Neural ectoderm,8.718822299340426,2.9429133858267718,508
219,E9.5-R3,E9.5,Sacral neural crest,Neural crest,8.900743986637382,2.8402777777777777,144
220,E9.5-R3,E9.5,Sclerotome,Paraxial mesoderm,8.545956355776369,6.2792415661167205,4061
221,E9.5-R3,E9.5,Second heart field,Lateral plate mesoderm,8.340021929280715,4.030075187969925,532
222,E9.5-R3,E9.5,Somatic mesoderm,Lateral plate mesoderm,8.612774969914069,6.323191886842808,3747
223,E9.5-R3,E9.5,Somatic motor neuron,Neural ectoderm,8.798493339175387,2.5637450199203187,502
224,E9.5-R3,E9.5,Spinal cord (cervical),Neural ectoderm,8.737643234149612,4.3654725609756095,2624
225,E9.5-R3,E9.5,Spinal cord (lumbar),Neural ectoderm,8.818283943061468,4.302247191011236,890
226,E9.5-R3,E9.5,Spinal cord (sacral),Neural ectoderm,8.843209940006822,3.386138613861386,505
227,E9.5-R3,E9.5,Spinal cord (thoracic),Neural ectoderm,8.806542601897451,4.8696883852691215,2118
228,E9.5-R3,E9.5,Spinal cord interneuron,Neural ectoderm,8.82001500716939,2.3398294762484775,821
229,E9.5-R3,E9.5,Splanchnic mesoderm,Lateral plate mesoderm,8.582809320505142,3.9202936549554273,1907
230,E9.5-R3,E9.5,Surface ectoderm,Surface ectoderm,8.651209517179396,4.71978021978022,182
231,E9.5-R3,E9.5,Telencephalon,Neural ectoderm,8.532289413831185,9.603112840466926,1285
232,E9.5-R3,E9.5,Trigeminal ganglion neuron,Neural crest,8.643196890268062,3.0288461538461537,104
233,E9.5-R3,E9.5,Trigeminal placode,Surface ectoderm,8.463015697467993,4.962053571428571,448
234,E9.5-R3,E9.5,Trigeminal sensory neuron,Surface ectoderm,8.68225440384154,4.735135135135135,185
235,E9.5-R3,E9.5,Trunk neural crest,Neural crest,8.783801863852867,3.3415841584158414,404
236,E9.5-R3,E9.5,Vagal neural crest,Neural crest,8.762164800756564,2.797720797720798,351
